Workbook

Sheet Planung
A1: week | B1: date | C1: day | D1: coating 1 | E1: production 1 (h) | F1: coating 2 | G1: production 2 (h) | H1: output target 1 (M²) | I1: output target 2 (M²) | J1: yield target (M²) | K1: Available for Sales | L1: Comment | M1: Umstellung
A2: =_xlfn.ISOWEEKNUM(B2) -> 53 | B2: 44193 | C2: Montag | E2: =IF(VLOOKUP(D2,Budget!A:B,2,FALSE)<>0,IF(G2=0,24,24-G2),0) -> #N/A | H2: =IF(E2=0,0,IF(M2="ja",(VLOOKUP(D2,Budget!A:F,6,FALSE)*(E2-(VLOOKUP(D2,Budget!A:F,3,FALSE)))),VLOOKUP($D2,Budget!$A$1:$F$19,6,FALSE)*E2)) -> #N/A | I2: =IF(F2=0,0,IF(M2="ja",((VLOOKUP(F2,Budget!A:F,6,FALSE)*(E2-(VLOOKUP(F2,Budget!A:F,3,FALSE))))),VLOOKUP($D2,Budget!A:F,5,FALSE)*E2)) -> 0 | J2: =H2+I2 -> #N/A | M2: nein | N2: =YEAR(B2) -> 2020
A3: =_xlfn.ISOWEEKNUM(B3) -> 53 | B3: 44194 | C3: Dienstag | E3: =IF(VLOOKUP(D3,Budget!A:B,2,FALSE)<>0,IF(G3=0,24,24-G3),0) -> #N/A | H3: =IF(E3=0,0,IF(M3="ja",(VLOOKUP(D3,Budget!A:F,6,FALSE)*(E3-(VLOOKUP(D3,Budget!A:F,3,FALSE)))),VLOOKUP($D3,Budget!$A$1:$F$19,6,FALSE)*E3)) -> #N/A | I3: =IF(F3=0,0,IF(M3="ja",((VLOOKUP(F3,Budget!A:F,6,FALSE)*(E3-(VLOOKUP(F3,Budget!A:F,3,FALSE))))),VLOOKUP($D3,Budget!A:F,5,FALSE)*E3)) -> 0 | J3: =H3+I3 -> #N/A | L3: Abbruch wegen WAMA-Spuren | M3: =IF(E3=0,"nein",IF(OR(E3<>24,F2<>0,D3<>D2),"ja","nein")) -> #N/A | N3: =YEAR(B3) -> 2020
A4: =_xlfn.ISOWEEKNUM(B4) -> 53 | B4: 44195 | C4: Mittwoch | E4: =IF(VLOOKUP(D4,Budget!A:B,2,FALSE)<>0,IF(G4=0,24,24-G4),0) -> #N/A | H4: =IF(E4=0,0,IF(M4="ja",(VLOOKUP(D4,Budget!A:F,6,FALSE)*(E4-(VLOOKUP(D4,Budget!A:F,3,FALSE)))),VLOOKUP($D4,Budget!$A$1:$F$19,6,FALSE)*E4)) -> #N/A | I4: =IF(F4=0,0,IF(M4="ja",((VLOOKUP(F4,Budget!A:F,6,FALSE)*(E4-(VLOOKUP(F4,Budget!A:F,3,FALSE))))),VLOOKUP($D4,Budget!A:F,5,FALSE)*E4)) -> 0 | J4: =H4+I4 -> #N/A | M4: =IF(E4=0,"nein",IF(OR(E4<>24,F3<>0,D4<>D3),"ja","nein")) -> #N/A | N4: =YEAR(B4) -> 2020
A5: =_xlfn.ISOWEEKNUM(B5) -> 53 | B5: 44196 | C5: Donnerstag | E5: =IF(VLOOKUP(D5,Budget!A:B,2,FALSE)<>0,IF(G5=0,24,24-G5),0) -> #N/A | H5: =IF(E5=0,0,IF(M5="ja",(VLOOKUP(D5,Budget!A:F,6,FALSE)*(E5-(VLOOKUP(D5,Budget!A:F,3,FALSE)))),VLOOKUP($D5,Budget!$A$1:$F$19,6,FALSE)*E5)) -> #N/A | I5: =IF(F5=0,0,IF(M5="ja",((VLOOKUP(F5,Budget!A:F,6,FALSE)*(E5-(VLOOKUP(F5,Budget!A:F,3,FALSE))))),VLOOKUP($D5,Budget!A:F,5,FALSE)*E5)) -> 0 | J5: =H5+I5 -> #N/A | M5: =IF(E5=0,"nein",IF(OR(E5<>24,F4<>0,D5<>D4),"ja","nein")) -> #N/A | N5: =YEAR(B5) -> 2020
A6: =_xlfn.ISOWEEKNUM(B6) -> 53 | B6: 44197 | C6: Freitag | E6: =IF(VLOOKUP(D6,Budget!A:B,2,FALSE)<>0,IF(G6=0,24,24-G6),0) -> #N/A | H6: =IF(E6=0,0,IF(M6="ja",(VLOOKUP(D6,Budget!A:F,6,FALSE)*(E6-(VLOOKUP(D6,Budget!A:F,3,FALSE)))),VLOOKUP($D6,Budget!$A$1:$F$19,6,FALSE)*E6)) -> #N/A | I6: =IF(F6=0,0,IF(M6="ja",((VLOOKUP(F6,Budget!A:F,6,FALSE)*(E6-(VLOOKUP(F6,Budget!A:F,3,FALSE))))),VLOOKUP($D6,Budget!A:F,5,FALSE)*E6)) -> 0 | J6: =H6+I6 -> #N/A | L6: Abbruch wegen Kratzern | M6: =IF(E6=0,"nein",IF(OR(E6<>24,F5<>0,D6<>D5),"ja","nein")) -> #N/A | N6: =YEAR(B6) -> 2021
A7: =_xlfn.ISOWEEKNUM(B7) -> 53 | B7: 44198 | C7: Samstag | D7: W | E7: =IF(VLOOKUP(D7,Budget!A:B,2,FALSE)<>0,IF(G7=0,24,24-G7),0) -> 0 | H7: =IF(E7=0,0,IF(M7="ja",(VLOOKUP(D7,Budget!A:F,6,FALSE)*(E7-(VLOOKUP(D7,Budget!A:F,3,FALSE)))),VLOOKUP($D7,Budget!$A$1:$F$19,6,FALSE)*E7)) -> 0 | I7: =IF(F7=0,0,IF(M7="ja",((VLOOKUP(F7,Budget!A:F,6,FALSE)*(E7-(VLOOKUP(F7,Budget!A:F,3,FALSE))))),VLOOKUP($D7,Budget!A:F,5,FALSE)*E7)) -> 0 | J7: =H7+I7 -> 0 | L7: Fluten & PLT XN | M7: =IF(E7=0,"nein",IF(OR(E7<>24,F6<>0,D7<>D6),"ja","nein")) -> nein | N7: =YEAR(B7) -> 2021
A8: =_xlfn.ISOWEEKNUM(B8) -> 53 | B8: 44199 | C8: Sonntag | D8: PLT XN | E8: =IF(VLOOKUP(D8,Budget!A:B,2,FALSE)<>0,IF(G8=0,24,24-G8),0) -> 24 | H8: =IF(E8=0,0,IF(M8="ja",(VLOOKUP(D8,Budget!A:F,6,FALSE)*(E8-(VLOOKUP(D8,Budget!A:F,3,FALSE)))),VLOOKUP($D8,Budget!$A$1:$F$19,6,FALSE)*E8)) -> 38269.757 | I8: =IF(F8=0,0,IF(M8="ja",((VLOOKUP(F8,Budget!A:F,6,FALSE)*(E8-(VLOOKUP(F8,Budget!A:F,3,FALSE))))),VLOOKUP($D8,Budget!A:F,5,FALSE)*E8)) -> 0 | J8: =H8+I8 -> 38269.757 | M8: =IF(E8=0,"nein",IF(OR(E8<>24,F7<>0,D8<>D7),"ja","nein")) -> ja | N8: =YEAR(B8) -> 2021
A9: =_xlfn.ISOWEEKNUM(B9) -> 1 | B9: 44200 | C9: Montag | D9: PLT XN | E9: =IF(VLOOKUP(D9,Budget!A:B,2,FALSE)<>0,IF(G9=0,24,24-G9),0) -> 24 | H9: =IF(E9=0,0,IF(M9="ja",(VLOOKUP(D9,Budget!A:F,6,FALSE)*(E9-(VLOOKUP(D9,Budget!A:F,3,FALSE)))),VLOOKUP($D9,Budget!$A$1:$F$19,6,FALSE)*E9)) -> 42919.354 | I9: =IF(F9=0,0,IF(M9="ja",((VLOOKUP(F9,Budget!A:F,6,FALSE)*(E9-(VLOOKUP(F9,Budget!A:F,3,FALSE))))),VLOOKUP($D9,Budget!A:F,5,FALSE)*E9)) -> 0 | J9: =H9+I9 -> 42919.354 | M9: nein | N9: =YEAR(B9) -> 2021
A10: =_xlfn.ISOWEEKNUM(B10) -> 1 | B10: 44201 | C10: Dienstag | D10: PLT XNII | E10: =IF(VLOOKUP(D10,Budget!A:B,2,FALSE)<>0,IF(G10=0,24,24-G10),0) -> 24 | H10: =IF(E10=0,0,IF(M10="ja",(VLOOKUP(D10,Budget!A:F,6,FALSE)*(E10-(VLOOKUP(D10,Budget!A:F,3,FALSE)))),VLOOKUP($D10,Budget!$A$1:$F$19,6,FALSE)*E10)) -> 22220.984 | I10: =IF(F10=0,0,IF(M10="ja",((VLOOKUP(F10,Budget!A:F,6,FALSE)*(E10-(VLOOKUP(F10,Budget!A:F,3,FALSE))))),VLOOKUP($D10,Budget!A:F,5,FALSE)*E10)) -> 0 | J10: =H10+I10 -> 22220.984 | M10: =IF(E10=0,"nein",IF(OR(E10<>24,F9<>0,D10<>D9),"ja","nein")) -> ja | N10: =YEAR(B10) -> 2021
A11: =_xlfn.ISOWEEKNUM(B11) -> 1 | B11: 44202 | C11: Mittwoch | D11: PLT XNII | E11: =IF(VLOOKUP(D11,Budget!A:B,2,FALSE)<>0,IF(G11=0,24,24-G11),0) -> 24 | H11: =IF(E11=0,0,IF(M11="ja",(VLOOKUP(D11,Budget!A:F,6,FALSE)*(E11-(VLOOKUP(D11,Budget!A:F,3,FALSE)))),VLOOKUP($D11,Budget!$A$1:$F$19,6,FALSE)*E11)) -> 35553.574 | I11: =IF(F11=0,0,IF(M11="ja",((VLOOKUP(F11,Budget!A:F,6,FALSE)*(E11-(VLOOKUP(F11,Budget!A:F,3,FALSE))))),VLOOKUP($D11,Budget!A:F,5,FALSE)*E11)) -> 0 | J11: =H11+I11 -> 35553.574 | M11: =IF(E11=0,"nein",IF(OR(E11<>24,F10<>0,D11<>D10),"ja","nein")) -> nein | N11: =YEAR(B11) -> 2021
A12: =_xlfn.ISOWEEKNUM(B12) -> 1 | B12: 44203 | C12: Donnerstag | D12: ECLAZ | E12: =IF(VLOOKUP(D12,Budget!A:B,2,FALSE)<>0,IF(G12=0,24,24-G12),0) -> 24 | H12: =IF(E12=0,0,IF(M12="ja",(VLOOKUP(D12,Budget!A:F,6,FALSE)*(E12-(VLOOKUP(D12,Budget!A:F,3,FALSE)))),VLOOKUP($D12,Budget!$A$1:$F$19,6,FALSE)*E12)) -> 30030 | I12: =IF(F12=0,0,IF(M12="ja",((VLOOKUP(F12,Budget!A:F,6,FALSE)*(E12-(VLOOKUP(F12,Budget!A:F,3,FALSE))))),VLOOKUP($D12,Budget!A:F,5,FALSE)*E12)) -> 0 | J12: =H12+I12 -> 30030 | M12: =IF(E12=0,"nein",IF(OR(E12<>24,F11<>0,D12<>D11),"ja","nein")) -> ja | N12: =YEAR(B12) -> 2021
A13: =_xlfn.ISOWEEKNUM(B13) -> 1 | B13: 44204 | C13: Freitag | D13: ECLAZ | E13: =IF(VLOOKUP(D13,Budget!A:B,2,FALSE)<>0,IF(G13=0,24,24-G13),0) -> 24 | H13: =IF(E13=0,0,IF(M13="ja",(VLOOKUP(D13,Budget!A:F,6,FALSE)*(E13-(VLOOKUP(D13,Budget!A:F,3,FALSE)))),VLOOKUP($D13,Budget!$A$1:$F$19,6,FALSE)*E13)) -> 36960 | I13: =IF(F13=0,0,IF(M13="ja",((VLOOKUP(F13,Budget!A:F,6,FALSE)*(E13-(VLOOKUP(F13,Budget!A:F,3,FALSE))))),VLOOKUP($D13,Budget!A:F,5,FALSE)*E13)) -> 0 | J13: =H13+I13 -> 36960 | M13: =IF(E13=0,"nein",IF(OR(E13<>24,F12<>0,D13<>D12),"ja","nein")) -> nein | N13: =YEAR(B13) -> 2021
A14: =_xlfn.ISOWEEKNUM(B14) -> 1 | B14: 44205 | C14: Samstag | D14: ECLAZ | E14: =IF(VLOOKUP(D14,Budget!A:B,2,FALSE)<>0,IF(G14=0,24,24-G14),0) -> 24 | H14: =IF(E14=0,0,IF(M14="ja",(VLOOKUP(D14,Budget!A:F,6,FALSE)*(E14-(VLOOKUP(D14,Budget!A:F,3,FALSE)))),VLOOKUP($D14,Budget!$A$1:$F$19,6,FALSE)*E14)) -> 36960 | I14: =IF(F14=0,0,IF(M14="ja",((VLOOKUP(F14,Budget!A:F,6,FALSE)*(E14-(VLOOKUP(F14,Budget!A:F,3,FALSE))))),VLOOKUP($D14,Budget!A:F,5,FALSE)*E14)) -> 0 | J14: =H14+I14 -> 36960 | M14: =IF(E14=0,"nein",IF(OR(E14<>24,F13<>0,D14<>D13),"ja","nein")) -> nein | N14: =YEAR(B14) -> 2021
A15: =_xlfn.ISOWEEKNUM(B15) -> 1 | B15: 44206 | C15: Sonntag | D15: ECLAZ | E15: =IF(VLOOKUP(D15,Budget!A:B,2,FALSE)<>0,IF(G15=0,24,24-G15),0) -> 24 | H15: =IF(E15=0,0,IF(M15="ja",(VLOOKUP(D15,Budget!A:F,6,FALSE)*(E15-(VLOOKUP(D15,Budget!A:F,3,FALSE)))),VLOOKUP($D15,Budget!$A$1:$F$19,6,FALSE)*E15)) -> 36960 | I15: =IF(F15=0,0,IF(M15="ja",((VLOOKUP(F15,Budget!A:F,6,FALSE)*(E15-(VLOOKUP(F15,Budget!A:F,3,FALSE))))),VLOOKUP($D15,Budget!A:F,5,FALSE)*E15)) -> 0 | J15: =H15+I15 -> 36960 | M15: =IF(E15=0,"nein",IF(OR(E15<>24,F14<>0,D15<>D14),"ja","nein")) -> nein | N15: =YEAR(B15) -> 2021
A16: =_xlfn.ISOWEEKNUM(B16) -> 2 | B16: 44207 | C16: Montag | D16: ECLAZ | E16: =IF(VLOOKUP(D16,Budget!A:B,2,FALSE)<>0,IF(G16=0,24,24-G16),0) -> 24 | H16: =IF(E16=0,0,IF(M16="ja",(VLOOKUP(D16,Budget!A:F,6,FALSE)*(E16-(VLOOKUP(D16,Budget!A:F,3,FALSE)))),VLOOKUP($D16,Budget!$A$1:$F$19,6,FALSE)*E16)) -> 36960 | I16: =IF(F16=0,0,IF(M16="ja",((VLOOKUP(F16,Budget!A:F,6,FALSE)*(E16-(VLOOKUP(F16,Budget!A:F,3,FALSE))))),VLOOKUP($D16,Budget!A:F,5,FALSE)*E16)) -> 0 | J16: =H16+I16 -> 36960 | M16: =IF(E16=0,"nein",IF(OR(E16<>24,F15<>0,D16<>D15),"ja","nein")) -> nein | N16: =YEAR(B16) -> 2021
A17: =_xlfn.ISOWEEKNUM(B17) -> 2 | B17: 44208 | C17: Dienstag | D17: ECLAZ | E17: =IF(VLOOKUP(D17,Budget!A:B,2,FALSE)<>0,IF(G17=0,24,24-G17),0) -> 24 | H17: =IF(E17=0,0,IF(M17="ja",(VLOOKUP(D17,Budget!A:F,6,FALSE)*(E17-(VLOOKUP(D17,Budget!A:F,3,FALSE)))),VLOOKUP($D17,Budget!$A$1:$F$19,6,FALSE)*E17)) -> 36960 | I17: =IF(F17=0,0,IF(M17="ja",((VLOOKUP(F17,Budget!A:F,6,FALSE)*(E17-(VLOOKUP(F17,Budget!A:F,3,FALSE))))),VLOOKUP($D17,Budget!A:F,5,FALSE)*E17)) -> 0 | J17: =H17+I17 -> 36960 | M17: =IF(E17=0,"nein",IF(OR(E17<>24,F16<>0,D17<>D16),"ja","nein")) -> nein | N17: =YEAR(B17) -> 2021
A18: =_xlfn.ISOWEEKNUM(B18) -> 2 | B18: 44209 | C18: Mittwoch | D18: PLT XN | E18: =IF(VLOOKUP(D18,Budget!A:B,2,FALSE)<>0,IF(G18=0,24,24-G18),0) -> 24 | H18: =IF(E18=0,0,IF(M18="ja",(VLOOKUP(D18,Budget!A:F,6,FALSE)*(E18-(VLOOKUP(D18,Budget!A:F,3,FALSE)))),VLOOKUP($D18,Budget!$A$1:$F$19,6,FALSE)*E18)) -> 38269.757 | I18: =IF(F18=0,0,IF(M18="ja",((VLOOKUP(F18,Budget!A:F,6,FALSE)*(E18-(VLOOKUP(F18,Budget!A:F,3,FALSE))))),VLOOKUP($D18,Budget!A:F,5,FALSE)*E18)) -> 0 | J18: =H18+I18 -> 38269.757 | M18: =IF(E18=0,"nein",IF(OR(E18<>24,F17<>0,D18<>D17),"ja","nein")) -> ja | N18: =YEAR(B18) -> 2021
A19: =_xlfn.ISOWEEKNUM(B19) -> 2 | B19: 44210 | C19: Donnerstag | D19: PLT XN | E19: =IF(VLOOKUP(D19,Budget!A:B,2,FALSE)<>0,IF(G19=0,24,24-G19),0) -> 24 | H19: =IF(E19=0,0,IF(M19="ja",(VLOOKUP(D19,Budget!A:F,6,FALSE)*(E19-(VLOOKUP(D19,Budget!A:F,3,FALSE)))),VLOOKUP($D19,Budget!$A$1:$F$19,6,FALSE)*E19)) -> 42919.354 | I19: =IF(F19=0,0,IF(M19="ja",((VLOOKUP(F19,Budget!A:F,6,FALSE)*(E19-(VLOOKUP(F19,Budget!A:F,3,FALSE))))),VLOOKUP($D19,Budget!A:F,5,FALSE)*E19)) -> 0 | J19: =H19+I19 -> 42919.354 | M19: =IF(E19=0,"nein",IF(OR(E19<>24,F18<>0,D19<>D18),"ja","nein")) -> nein | N19: =YEAR(B19) -> 2021
A20: =_xlfn.ISOWEEKNUM(B20) -> 2 | B20: 44211 | C20: Freitag | D20: SIGMA | E20: =IF(VLOOKUP(D20,Budget!A:B,2,FALSE)<>0,IF(G20=0,24,24-G20),0) -> 0 | G20: W | H20: =IF(E20=0,0,IF(M20="ja",(VLOOKUP(D20,Budget!A:F,6,FALSE)*(E20-(VLOOKUP(D20,Budget!A:F,3,FALSE)))),VLOOKUP($D20,Budget!$A$1:$F$19,6,FALSE)*E20)) -> 0 | I20: =IF(F20=0,0,IF(M20="ja",((VLOOKUP(F20,Budget!A:F,6,FALSE)*(E20-(VLOOKUP(F20,Budget!A:F,3,FALSE))))),VLOOKUP($D20,Budget!A:F,5,FALSE)*E20)) -> 0 | J20: =H20+I20 -> 0 | L20: BIO-Versuch 18 - 20h | M20: =IF(E20=0,"nein",IF(OR(E20<>24,F19<>0,D20<>D19),"ja","nein")) -> nein | N20: =YEAR(B20) -> 2021
A21: =_xlfn.ISOWEEKNUM(B21) -> 2 | B21: 44212 | C21: Samstag | D21: W | E21: =IF(VLOOKUP(D21,Budget!A:B,2,FALSE)<>0,IF(G21=0,24,24-G21),0) -> 0 | H21: =IF(E21=0,0,IF(M21="ja",(VLOOKUP(D21,Budget!A:F,6,FALSE)*(E21-(VLOOKUP(D21,Budget!A:F,3,FALSE)))),VLOOKUP($D21,Budget!$A$1:$F$19,6,FALSE)*E21)) -> 0 | I21: =IF(F21=0,0,IF(M21="ja",((VLOOKUP(F21,Budget!A:F,6,FALSE)*(E21-(VLOOKUP(F21,Budget!A:F,3,FALSE))))),VLOOKUP($D21,Budget!A:F,5,FALSE)*E21)) -> 0 | J21: =H21+I21 -> 0 | M21: =IF(E21=0,"nein",IF(OR(E21<>24,F20<>0,D21<>D20),"ja","nein")) -> nein | N21: =YEAR(B21) -> 2021
A22: =_xlfn.ISOWEEKNUM(B22) -> 2 | B22: 44213 | C22: Sonntag | D22: W | E22: =IF(VLOOKUP(D22,Budget!A:B,2,FALSE)<>0,IF(G22=0,24,24-G22),0) -> 0 | H22: =IF(E22=0,0,IF(M22="ja",(VLOOKUP(D22,Budget!A:F,6,FALSE)*(E22-(VLOOKUP(D22,Budget!A:F,3,FALSE)))),VLOOKUP($D22,Budget!$A$1:$F$19,6,FALSE)*E22)) -> 0 | I22: =IF(F22=0,0,IF(M22="ja",((VLOOKUP(F22,Budget!A:F,6,FALSE)*(E22-(VLOOKUP(F22,Budget!A:F,3,FALSE))))),VLOOKUP($D22,Budget!A:F,5,FALSE)*E22)) -> 0 | J22: =H22+I22 -> 0 | M22: =IF(E22=0,"nein",IF(OR(E22<>24,F21<>0,D22<>D21),"ja","nein")) -> nein | N22: =YEAR(B22) -> 2021
A23: =_xlfn.ISOWEEKNUM(B23) -> 3 | B23: 44214 | C23: Montag | D23: W | E23: =IF(VLOOKUP(D23,Budget!A:B,2,FALSE)<>0,IF(G23=0,24,24-G23),0) -> 0 | H23: =IF(E23=0,0,IF(M23="ja",(VLOOKUP(D23,Budget!A:F,6,FALSE)*(E23-(VLOOKUP(D23,Budget!A:F,3,FALSE)))),VLOOKUP($D23,Budget!$A$1:$F$19,6,FALSE)*E23)) -> 0 | I23: =IF(F23=0,0,IF(M23="ja",((VLOOKUP(F23,Budget!A:F,6,FALSE)*(E23-(VLOOKUP(F23,Budget!A:F,3,FALSE))))),VLOOKUP($D23,Budget!A:F,5,FALSE)*E23)) -> 0 | J23: =H23+I23 -> 0 | M23: =IF(E23=0,"nein",IF(OR(E23<>24,F22<>0,D23<>D22),"ja","nein")) -> nein | N23: =YEAR(B23) -> 2021
A24: =_xlfn.ISOWEEKNUM(B24) -> 3 | B24: 44215 | C24: Dienstag | D24: W | E24: =IF(VLOOKUP(D24,Budget!A:B,2,FALSE)<>0,IF(G24=0,24,24-G24),0) -> 0 | H24: =IF(E24=0,0,IF(M24="ja",(VLOOKUP(D24,Budget!A:F,6,FALSE)*(E24-(VLOOKUP(D24,Budget!A:F,3,FALSE)))),VLOOKUP($D24,Budget!$A$1:$F$19,6,FALSE)*E24)) -> 0 | I24: =IF(F24=0,0,IF(M24="ja",((VLOOKUP(F24,Budget!A:F,6,FALSE)*(E24-(VLOOKUP(F24,Budget!A:F,3,FALSE))))),VLOOKUP($D24,Budget!A:F,5,FALSE)*E24)) -> 0 | J24: =H24+I24 -> 0 | M24: =IF(E24=0,"nein",IF(OR(E24<>24,F23<>0,D24<>D23),"ja","nein")) -> nein | N24: =YEAR(B24) -> 2021
A25: =_xlfn.ISOWEEKNUM(B25) -> 3 | B25: 44216 | C25: Mittwoch | D25: W | E25: =IF(VLOOKUP(D25,Budget!A:B,2,FALSE)<>0,IF(G25=0,24,24-G25),0) -> 0 | H25: =IF(E25=0,0,IF(M25="ja",(VLOOKUP(D25,Budget!A:F,6,FALSE)*(E25-(VLOOKUP(D25,Budget!A:F,3,FALSE)))),VLOOKUP($D25,Budget!$A$1:$F$19,6,FALSE)*E25)) -> 0 | I25: =IF(F25=0,0,IF(M25="ja",((VLOOKUP(F25,Budget!A:F,6,FALSE)*(E25-(VLOOKUP(F25,Budget!A:F,3,FALSE))))),VLOOKUP($D25,Budget!A:F,5,FALSE)*E25)) -> 0 | J25: =H25+I25 -> 0 | M25: =IF(E25=0,"nein",IF(OR(E25<>24,F24<>0,D25<>D24),"ja","nein")) -> nein | N25: =YEAR(B25) -> 2021
A26: =_xlfn.ISOWEEKNUM(B26) -> 3 | B26: 44217 | C26: Donnerstag | D26: W | E26: =IF(VLOOKUP(D26,Budget!A:B,2,FALSE)<>0,IF(G26=0,24,24-G26),0) -> 0 | H26: =IF(E26=0,0,IF(M26="ja",(VLOOKUP(D26,Budget!A:F,6,FALSE)*(E26-(VLOOKUP(D26,Budget!A:F,3,FALSE)))),VLOOKUP($D26,Budget!$A$1:$F$19,6,FALSE)*E26)) -> 0 | I26: =IF(F26=0,0,IF(M26="ja",((VLOOKUP(F26,Budget!A:F,6,FALSE)*(E26-(VLOOKUP(F26,Budget!A:F,3,FALSE))))),VLOOKUP($D26,Budget!A:F,5,FALSE)*E26)) -> 0 | J26: =H26+I26 -> 0 | M26: =IF(E26=0,"nein",IF(OR(E26<>24,F25<>0,D26<>D25),"ja","nein")) -> nein | N26: =YEAR(B26) -> 2021
A27: =_xlfn.ISOWEEKNUM(B27) -> 3 | B27: 44218 | C27: Freitag | D27: K | E27: =IF(VLOOKUP(D27,Budget!A:B,2,FALSE)<>0,IF(G27=0,24,24-G27),0) -> 0 | H27: =IF(E27=0,0,IF(M27="ja",(VLOOKUP(D27,Budget!A:F,6,FALSE)*(E27-(VLOOKUP(D27,Budget!A:F,3,FALSE)))),VLOOKUP($D27,Budget!$A$1:$F$19,6,FALSE)*E27)) -> 0 | I27: =IF(F27=0,0,IF(M27="ja",((VLOOKUP(F27,Budget!A:F,6,FALSE)*(E27-(VLOOKUP(F27,Budget!A:F,3,FALSE))))),VLOOKUP($D27,Budget!A:F,5,FALSE)*E27)) -> 0 | J27: =H27+I27 -> 0 | M27: =IF(E27=0,"nein",IF(OR(E27<>24,F26<>0,D27<>D26),"ja","nein")) -> nein | N27: =YEAR(B27) -> 2021
A28: =_xlfn.ISOWEEKNUM(B28) -> 3 | B28: 44219 | C28: Samstag | D28: K | E28: =IF(VLOOKUP(D28,Budget!A:B,2,FALSE)<>0,IF(G28=0,24,24-G28),0) -> 0 | H28: =IF(E28=0,0,IF(M28="ja",(VLOOKUP(D28,Budget!A:F,6,FALSE)*(E28-(VLOOKUP(D28,Budget!A:F,3,FALSE)))),VLOOKUP($D28,Budget!$A$1:$F$19,6,FALSE)*E28)) -> 0 | I28: =IF(F28=0,0,IF(M28="ja",((VLOOKUP(F28,Budget!A:F,6,FALSE)*(E28-(VLOOKUP(F28,Budget!A:F,3,FALSE))))),VLOOKUP($D28,Budget!A:F,5,FALSE)*E28)) -> 0 | J28: =H28+I28 -> 0 | M28: =IF(E28=0,"nein",IF(OR(E28<>24,F27<>0,D28<>D27),"ja","nein")) -> nein | N28: =YEAR(B28) -> 2021
A29: =_xlfn.ISOWEEKNUM(B29) -> 3 | B29: 44220 | C29: Sonntag | D29: PLT XN | E29: 12 | H29: =IF(E29=0,0,IF(M29="ja",(VLOOKUP(D29,Budget!A:F,6,FALSE)*(E29-(VLOOKUP(D29,Budget!A:F,3,FALSE)))),VLOOKUP($D29,Budget!$A$1:$F$19,6,FALSE)*E29)) -> 16810.08 | I29: =IF(F29=0,0,IF(M29="ja",((VLOOKUP(F29,Budget!A:F,6,FALSE)*(E29-(VLOOKUP(F29,Budget!A:F,3,FALSE))))),VLOOKUP($D29,Budget!A:F,5,FALSE)*E29)) -> 0 | J29: =H29+I29 -> 16810.08 | M29: =IF(E29=0,"nein",IF(OR(E29<>24,F28<>0,D29<>D28),"ja","nein")) -> ja | N29: =YEAR(B29) -> 2021
A30: =_xlfn.ISOWEEKNUM(B30) -> 4 | B30: 44221 | C30: Montag | D30: PLT XN | E30: =IF(VLOOKUP(D30,Budget!A:B,2,FALSE)<>0,IF(G30=0,24,24-G30),0) -> 24 | H30: =IF(E30=0,0,IF(M30="ja",(VLOOKUP(D30,Budget!A:F,6,FALSE)*(E30-(VLOOKUP(D30,Budget!A:F,3,FALSE)))),VLOOKUP($D30,Budget!$A$1:$F$19,6,FALSE)*E30)) -> 42919.354 | I30: =IF(F30=0,0,IF(M30="ja",((VLOOKUP(F30,Budget!A:F,6,FALSE)*(E30-(VLOOKUP(F30,Budget!A:F,3,FALSE))))),VLOOKUP($D30,Budget!A:F,5,FALSE)*E30)) -> 0 | J30: =H30+I30 -> 42919.354 | M30: =IF(E30=0,"nein",IF(OR(E30<>24,F29<>0,D30<>D29),"ja","nein")) -> nein | N30: =YEAR(B30) -> 2021
A31: =_xlfn.ISOWEEKNUM(B31) -> 4 | B31: 44222 | C31: Dienstag | D31: ECLAZ | E31: =IF(VLOOKUP(D31,Budget!A:B,2,FALSE)<>0,IF(G31=0,24,24-G31),0) -> 24 | H31: =IF(E31=0,0,IF(M31="ja",(VLOOKUP(D31,Budget!A:F,6,FALSE)*(E31-(VLOOKUP(D31,Budget!A:F,3,FALSE)))),VLOOKUP($D31,Budget!$A$1:$F$19,6,FALSE)*E31)) -> 30030 | I31: =IF(F31=0,0,IF(M31="ja",((VLOOKUP(F31,Budget!A:F,6,FALSE)*(E31-(VLOOKUP(F31,Budget!A:F,3,FALSE))))),VLOOKUP($D31,Budget!A:F,5,FALSE)*E31)) -> 0 | J31: =H31+I31 -> 30030 | M31: =IF(E31=0,"nein",IF(OR(E31<>24,F30<>0,D31<>D30),"ja","nein")) -> ja | N31: =YEAR(B31) -> 2021
A32: =_xlfn.ISOWEEKNUM(B32) -> 4 | B32: 44223 | C32: Mittwoch | D32: ECLAZ | E32: =IF(VLOOKUP(D32,Budget!A:B,2,FALSE)<>0,IF(G32=0,24,24-G32),0) -> 24 | H32: =IF(E32=0,0,IF(M32="ja",(VLOOKUP(D32,Budget!A:F,6,FALSE)*(E32-(VLOOKUP(D32,Budget!A:F,3,FALSE)))),VLOOKUP($D32,Budget!$A$1:$F$19,6,FALSE)*E32)) -> 36960 | I32: =IF(F32=0,0,IF(M32="ja",((VLOOKUP(F32,Budget!A:F,6,FALSE)*(E32-(VLOOKUP(F32,Budget!A:F,3,FALSE))))),VLOOKUP($D32,Budget!A:F,5,FALSE)*E32)) -> 0 | J32: =H32+I32 -> 36960 | M32: =IF(E32=0,"nein",IF(OR(E32<>24,F31<>0,D32<>D31),"ja","nein")) -> nein | N32: =YEAR(B32) -> 2021
A33: =_xlfn.ISOWEEKNUM(B33) -> 4 | B33: 44224 | C33: Donnerstag | D33: ECLAZ | E33: =IF(VLOOKUP(D33,Budget!A:B,2,FALSE)<>0,IF(G33=0,24,24-G33),0) -> 24 | H33: =IF(E33=0,0,IF(M33="ja",(VLOOKUP(D33,Budget!A:F,6,FALSE)*(E33-(VLOOKUP(D33,Budget!A:F,3,FALSE)))),VLOOKUP($D33,Budget!$A$1:$F$19,6,FALSE)*E33)) -> 36960 | I33: =IF(F33=0,0,IF(M33="ja",((VLOOKUP(F33,Budget!A:F,6,FALSE)*(E33-(VLOOKUP(F33,Budget!A:F,3,FALSE))))),VLOOKUP($D33,Budget!A:F,5,FALSE)*E33)) -> 0 | J33: =H33+I33 -> 36960 | M33: =IF(E33=0,"nein",IF(OR(E33<>24,F32<>0,D33<>D32),"ja","nein")) -> nein | N33: =YEAR(B33) -> 2021
A34: =_xlfn.ISOWEEKNUM(B34) -> 4 | B34: 44225 | C34: Freitag | D34: ECLAZ | E34: =IF(VLOOKUP(D34,Budget!A:B,2,FALSE)<>0,IF(G34=0,24,24-G34),0) -> 24 | H34: =IF(E34=0,0,IF(M34="ja",(VLOOKUP(D34,Budget!A:F,6,FALSE)*(E34-(VLOOKUP(D34,Budget!A:F,3,FALSE)))),VLOOKUP($D34,Budget!$A$1:$F$19,6,FALSE)*E34)) -> 36960 | I34: =IF(F34=0,0,IF(M34="ja",((VLOOKUP(F34,Budget!A:F,6,FALSE)*(E34-(VLOOKUP(F34,Budget!A:F,3,FALSE))))),VLOOKUP($D34,Budget!A:F,5,FALSE)*E34)) -> 0 | J34: =H34+I34 -> 36960 | M34: =IF(E34=0,"nein",IF(OR(E34<>24,F33<>0,D34<>D33),"ja","nein")) -> nein | N34: =YEAR(B34) -> 2021
A35: =_xlfn.ISOWEEKNUM(B35) -> 4 | B35: 44226 | C35: Samstag | D35: ECLAZ | E35: =IF(VLOOKUP(D35,Budget!A:B,2,FALSE)<>0,IF(G35=0,24,24-G35),0) -> 24 | H35: =IF(E35=0,0,IF(M35="ja",(VLOOKUP(D35,Budget!A:F,6,FALSE)*(E35-(VLOOKUP(D35,Budget!A:F,3,FALSE)))),VLOOKUP($D35,Budget!$A$1:$F$19,6,FALSE)*E35)) -> 36960 | I35: =IF(F35=0,0,IF(M35="ja",((VLOOKUP(F35,Budget!A:F,6,FALSE)*(E35-(VLOOKUP(F35,Budget!A:F,3,FALSE))))),VLOOKUP($D35,Budget!A:F,5,FALSE)*E35)) -> 0 | J35: =H35+I35 -> 36960 | M35: =IF(E35=0,"nein",IF(OR(E35<>24,F34<>0,D35<>D34),"ja","nein")) -> nein | N35: =YEAR(B35) -> 2021
A36: =_xlfn.ISOWEEKNUM(B36) -> 4 | B36: 44227 | C36: Sonntag | D36: ECLAZ | E36: =IF(VLOOKUP(D36,Budget!A:B,2,FALSE)<>0,IF(G36=0,24,24-G36),0) -> 24 | H36: =IF(E36=0,0,IF(M36="ja",(VLOOKUP(D36,Budget!A:F,6,FALSE)*(E36-(VLOOKUP(D36,Budget!A:F,3,FALSE)))),VLOOKUP($D36,Budget!$A$1:$F$19,6,FALSE)*E36)) -> 36960 | I36: =IF(F36=0,0,IF(M36="ja",((VLOOKUP(F36,Budget!A:F,6,FALSE)*(E36-(VLOOKUP(F36,Budget!A:F,3,FALSE))))),VLOOKUP($D36,Budget!A:F,5,FALSE)*E36)) -> 0 | J36: =H36+I36 -> 36960 | M36: =IF(E36=0,"nein",IF(OR(E36<>24,F35<>0,D36<>D35),"ja","nein")) -> nein | N36: =YEAR(B36) -> 2021
A37: =_xlfn.ISOWEEKNUM(B37) -> 5 | B37: 44228 | C37: Montag | D37: ECLAZ | E37: =IF(VLOOKUP(D37,Budget!A:B,2,FALSE)<>0,IF(G37=0,24,24-G37),0) -> 24 | H37: =IF(E37=0,0,IF(M37="ja",(VLOOKUP(D37,Budget!A:F,6,FALSE)*(E37-(VLOOKUP(D37,Budget!A:F,3,FALSE)))),VLOOKUP($D37,Budget!$A$1:$F$19,6,FALSE)*E37)) -> 36960 | I37: =IF(F37=0,0,IF(M37="ja",((VLOOKUP(F37,Budget!A:F,6,FALSE)*(E37-(VLOOKUP(F37,Budget!A:F,3,FALSE))))),VLOOKUP($D37,Budget!A:F,5,FALSE)*E37)) -> 0 | J37: =H37+I37 -> 36960 | M37: =IF(E37=0,"nein",IF(OR(E37<>24,F36<>0,D37<>D36),"ja","nein")) -> nein | N37: =YEAR(B37) -> 2021
A38: =_xlfn.ISOWEEKNUM(B38) -> 5 | B38: 44229 | C38: Dienstag | D38: PLT XNII | E38: =IF(VLOOKUP(D38,Budget!A:B,2,FALSE)<>0,IF(G38=0,24,24-G38),0) -> 24 | H38: =IF(E38=0,0,IF(M38="ja",(VLOOKUP(D38,Budget!A:F,6,FALSE)*(E38-(VLOOKUP(D38,Budget!A:F,3,FALSE)))),VLOOKUP($D38,Budget!$A$1:$F$19,6,FALSE)*E38)) -> 22220.984 | I38: =IF(F38=0,0,IF(M38="ja",((VLOOKUP(F38,Budget!A:F,6,FALSE)*(E38-(VLOOKUP(F38,Budget!A:F,3,FALSE))))),VLOOKUP($D38,Budget!A:F,5,FALSE)*E38)) -> 0 | J38: =H38+I38 -> 22220.984 | M38: =IF(E38=0,"nein",IF(OR(E38<>24,F37<>0,D38<>D37),"ja","nein")) -> ja | N38: =YEAR(B38) -> 2021
A39: =_xlfn.ISOWEEKNUM(B39) -> 5 | B39: 44230 | C39: Mittwoch | D39: PLT XNII | E39: =IF(VLOOKUP(D39,Budget!A:B,2,FALSE)<>0,IF(G39=0,24,24-G39),0) -> 24 | H39: =IF(E39=0,0,IF(M39="ja",(VLOOKUP(D39,Budget!A:F,6,FALSE)*(E39-(VLOOKUP(D39,Budget!A:F,3,FALSE)))),VLOOKUP($D39,Budget!$A$1:$F$19,6,FALSE)*E39)) -> 35553.574 | I39: =IF(F39=0,0,IF(M39="ja",((VLOOKUP(F39,Budget!A:F,6,FALSE)*(E39-(VLOOKUP(F39,Budget!A:F,3,FALSE))))),VLOOKUP($D39,Budget!A:F,5,FALSE)*E39)) -> 0 | J39: =H39+I39 -> 35553.574 | M39: =IF(E39=0,"nein",IF(OR(E39<>24,F38<>0,D39<>D38),"ja","nein")) -> nein | N39: =YEAR(B39) -> 2021
A40: =_xlfn.ISOWEEKNUM(B40) -> 5 | B40: 44231 | C40: Donnerstag | D40: PLT XNII | E40: =IF(VLOOKUP(D40,Budget!A:B,2,FALSE)<>0,IF(G40=0,24,24-G40),0) -> 24 | H40: =IF(E40=0,0,IF(M40="ja",(VLOOKUP(D40,Budget!A:F,6,FALSE)*(E40-(VLOOKUP(D40,Budget!A:F,3,FALSE)))),VLOOKUP($D40,Budget!$A$1:$F$19,6,FALSE)*E40)) -> 35553.574 | I40: =IF(F40=0,0,IF(M40="ja",((VLOOKUP(F40,Budget!A:F,6,FALSE)*(E40-(VLOOKUP(F40,Budget!A:F,3,FALSE))))),VLOOKUP($D40,Budget!A:F,5,FALSE)*E40)) -> 0 | J40: =H40+I40 -> 35553.574 | M40: =IF(E40=0,"nein",IF(OR(E40<>24,F39<>0,D40<>D39),"ja","nein")) -> nein | N40: =YEAR(B40) -> 2021
A41: =_xlfn.ISOWEEKNUM(B41) -> 5 | B41: 44232 | C41: Freitag | D41: ECLAZ ONE | E41: =IF(VLOOKUP(D41,Budget!A:B,2,FALSE)<>0,IF(G41=0,24,24-G41),0) -> 18 | F41: SIGMA | G41: 6 | H41: =IF(E41=0,0,IF(M41="ja",(VLOOKUP(D41,Budget!A:F,6,FALSE)*(E41-(VLOOKUP(D41,Budget!A:F,3,FALSE)))),VLOOKUP($D41,Budget!$A$1:$F$19,6,FALSE)*E41)) -> 18480 | I41: =IF(F41=0,0,IF(M41="ja",((VLOOKUP(F41,Budget!A:F,6,FALSE)*(E41-(VLOOKUP(F41,Budget!A:F,3,FALSE))))),VLOOKUP($D41,Budget!A:F,5,FALSE)*E41)) -> 0 | J41: =H41+I41 -> 18480 | L41: Sigma Versuch 6h | M41: =IF(E41=0,"nein",IF(OR(E41<>24,F40<>0,D41<>D40),"ja","nein")) -> ja | N41: =YEAR(B41) -> 2021
A42: =_xlfn.ISOWEEKNUM(B42) -> 5 | B42: 44233 | C42: Samstag | D42: ECLAZ ONE | E42: =IF(VLOOKUP(D42,Budget!A:B,2,FALSE)<>0,IF(G42=0,24,24-G42),0) -> 24 | H42: =IF(E42=0,0,IF(M42="ja",(VLOOKUP(D42,Budget!A:F,6,FALSE)*(E42-(VLOOKUP(D42,Budget!A:F,3,FALSE)))),VLOOKUP($D42,Budget!$A$1:$F$19,6,FALSE)*E42)) -> 27720 | I42: =IF(F42=0,0,IF(M42="ja",((VLOOKUP(F42,Budget!A:F,6,FALSE)*(E42-(VLOOKUP(F42,Budget!A:F,3,FALSE))))),VLOOKUP($D42,Budget!A:F,5,FALSE)*E42)) -> 0 | J42: =H42+I42 -> 27720 | M42: =IF(E42=0,"nein",IF(OR(E42<>24,F41<>0,D42<>D41),"ja","nein")) -> ja | N42: =YEAR(B42) -> 2021
A43: =_xlfn.ISOWEEKNUM(B43) -> 5 | B43: 44234 | C43: Sonntag | D43: ECLAZ ONE | E43: =IF(VLOOKUP(D43,Budget!A:B,2,FALSE)<>0,IF(G43=0,24,24-G43),0) -> 16 | F43: PLT XN | G43: 8 | H43: =IF(E43=0,0,IF(M43="ja",(VLOOKUP(D43,Budget!A:F,6,FALSE)*(E43-(VLOOKUP(D43,Budget!A:F,3,FALSE)))),VLOOKUP($D43,Budget!$A$1:$F$19,6,FALSE)*E43)) -> 15400 | I43: =IF(F43=0,0,IF(M43="ja",((VLOOKUP(F43,Budget!A:F,6,FALSE)*(E43-(VLOOKUP(F43,Budget!A:F,3,FALSE))))),VLOOKUP($D43,Budget!A:F,5,FALSE)*E43)) -> 23963.306 | J43: =H43+I43 -> 39363.306 | M43: =IF(E43=0,"nein",IF(OR(E43<>24,F42<>0,D43<>D42),"ja","nein")) -> ja | N43: =YEAR(B43) -> 2021
A44: =_xlfn.ISOWEEKNUM(B44) -> 6 | B44: 44235 | C44: Montag | D44: PLT XN | E44: =IF(VLOOKUP(D44,Budget!A:B,2,FALSE)<>0,IF(G44=0,24,24-G44),0) -> 24 | H44: =IF(E44=0,0,IF(M44="ja",(VLOOKUP(D44,Budget!A:F,6,FALSE)*(E44-(VLOOKUP(D44,Budget!A:F,3,FALSE)))),VLOOKUP($D44,Budget!$A$1:$F$19,6,FALSE)*E44)) -> 38269.757 | I44: =IF(F44=0,0,IF(M44="ja",((VLOOKUP(F44,Budget!A:F,6,FALSE)*(E44-(VLOOKUP(F44,Budget!A:F,3,FALSE))))),VLOOKUP($D44,Budget!A:F,5,FALSE)*E44)) -> 0 | J44: =H44+I44 -> 38269.757 | M44: =IF(E44=0,"nein",IF(OR(E44<>24,F43<>0,D44<>D43),"ja","nein")) -> ja | N44: =YEAR(B44) -> 2021
A45: =_xlfn.ISOWEEKNUM(B45) -> 6 | B45: 44236 | C45: Dienstag | D45: VIEWCL II | E45: =IF(VLOOKUP(D45,Budget!A:B,2,FALSE)<>0,IF(G45=0,24,24-G45),0) -> 0 | H45: =IF(E45=0,0,IF(M45="ja",(VLOOKUP(D45,Budget!A:F,6,FALSE)*(E45-(VLOOKUP(D45,Budget!A:F,3,FALSE)))),VLOOKUP($D45,Budget!$A$1:$F$19,6,FALSE)*E45)) -> 0 | I45: =IF(F45=0,0,IF(M45="ja",((VLOOKUP(F45,Budget!A:F,6,FALSE)*(E45-(VLOOKUP(F45,Budget!A:F,3,FALSE))))),VLOOKUP($D45,Budget!A:F,5,FALSE)*E45)) -> 0 | J45: =H45+I45 -> 0 | M45: =IF(E45=0,"nein",IF(OR(E45<>24,F44<>0,D45<>D44),"ja","nein")) -> nein | N45: =YEAR(B45) -> 2021
A46: =_xlfn.ISOWEEKNUM(B46) -> 6 | B46: 44237 | C46: Mittwoch | D46: VIEWCL II | E46: =IF(VLOOKUP(D46,Budget!A:B,2,FALSE)<>0,IF(G46=0,24,24-G46),0) -> 0 | H46: =IF(E46=0,0,IF(M46="ja",(VLOOKUP(D46,Budget!A:F,6,FALSE)*(E46-(VLOOKUP(D46,Budget!A:F,3,FALSE)))),VLOOKUP($D46,Budget!$A$1:$F$19,6,FALSE)*E46)) -> 0 | I46: =IF(F46=0,0,IF(M46="ja",((VLOOKUP(F46,Budget!A:F,6,FALSE)*(E46-(VLOOKUP(F46,Budget!A:F,3,FALSE))))),VLOOKUP($D46,Budget!A:F,5,FALSE)*E46)) -> 0 | J46: =H46+I46 -> 0 | M46: =IF(E46=0,"nein",IF(OR(E46<>24,F45<>0,D46<>D45),"ja","nein")) -> nein | N46: =YEAR(B46) -> 2021
A47: =_xlfn.ISOWEEKNUM(B47) -> 6 | B47: 44238 | C47: Donnerstag | D47: VIEWCL II | E47: =IF(VLOOKUP(D47,Budget!A:B,2,FALSE)<>0,IF(G47=0,24,24-G47),0) -> 0 | H47: =IF(E47=0,0,IF(M47="ja",(VLOOKUP(D47,Budget!A:F,6,FALSE)*(E47-(VLOOKUP(D47,Budget!A:F,3,FALSE)))),VLOOKUP($D47,Budget!$A$1:$F$19,6,FALSE)*E47)) -> 0 | I47: =IF(F47=0,0,IF(M47="ja",((VLOOKUP(F47,Budget!A:F,6,FALSE)*(E47-(VLOOKUP(F47,Budget!A:F,3,FALSE))))),VLOOKUP($D47,Budget!A:F,5,FALSE)*E47)) -> 0 | J47: =H47+I47 -> 0 | M47: =IF(E47=0,"nein",IF(OR(E47<>24,F46<>0,D47<>D46),"ja","nein")) -> nein | N47: =YEAR(B47) -> 2021
A48: =_xlfn.ISOWEEKNUM(B48) -> 6 | B48: 44239 | C48: Freitag | D48: VIEWCL II | E48: =IF(VLOOKUP(D48,Budget!A:B,2,FALSE)<>0,IF(G48=0,24,24-G48),0) -> 0 | H48: =IF(E48=0,0,IF(M48="ja",(VLOOKUP(D48,Budget!A:F,6,FALSE)*(E48-(VLOOKUP(D48,Budget!A:F,3,FALSE)))),VLOOKUP($D48,Budget!$A$1:$F$19,6,FALSE)*E48)) -> 0 | I48: =IF(F48=0,0,IF(M48="ja",((VLOOKUP(F48,Budget!A:F,6,FALSE)*(E48-(VLOOKUP(F48,Budget!A:F,3,FALSE))))),VLOOKUP($D48,Budget!A:F,5,FALSE)*E48)) -> 0 | J48: =H48+I48 -> 0 | M48: =IF(E48=0,"nein",IF(OR(E48<>24,F47<>0,D48<>D47),"ja","nein")) -> nein | N48: =YEAR(B48) -> 2021
A49: =_xlfn.ISOWEEKNUM(B49) -> 6 | B49: 44240 | C49: Samstag | D49: VIEWCL II | E49: =IF(VLOOKUP(D49,Budget!A:B,2,FALSE)<>0,IF(G49=0,24,24-G49),0) -> 0 | H49: =IF(E49=0,0,IF(M49="ja",(VLOOKUP(D49,Budget!A:F,6,FALSE)*(E49-(VLOOKUP(D49,Budget!A:F,3,FALSE)))),VLOOKUP($D49,Budget!$A$1:$F$19,6,FALSE)*E49)) -> 0 | I49: =IF(F49=0,0,IF(M49="ja",((VLOOKUP(F49,Budget!A:F,6,FALSE)*(E49-(VLOOKUP(F49,Budget!A:F,3,FALSE))))),VLOOKUP($D49,Budget!A:F,5,FALSE)*E49)) -> 0 | J49: =H49+I49 -> 0 | M49: =IF(E49=0,"nein",IF(OR(E49<>24,F48<>0,D49<>D48),"ja","nein")) -> nein | N49: =YEAR(B49) -> 2021
A50: =_xlfn.ISOWEEKNUM(B50) -> 6 | B50: 44241 | C50: Sonntag | D50: TIMELESS | E50: =IF(VLOOKUP(D50,Budget!A:B,2,FALSE)<>0,IF(G50=0,24,24-G50),0) -> 24 | H50: =IF(E50=0,0,IF(M50="ja",(VLOOKUP(D50,Budget!A:F,6,FALSE)*(E50-(VLOOKUP(D50,Budget!A:F,3,FALSE)))),VLOOKUP($D50,Budget!$A$1:$F$19,6,FALSE)*E50)) -> 25200 | I50: =IF(F50=0,0,IF(M50="ja",((VLOOKUP(F50,Budget!A:F,6,FALSE)*(E50-(VLOOKUP(F50,Budget!A:F,3,FALSE))))),VLOOKUP($D50,Budget!A:F,5,FALSE)*E50)) -> 0 | J50: =H50+I50 -> 25200 | M50: =IF(E50=0,"nein",IF(OR(E50<>24,F49<>0,D50<>D49),"ja","nein")) -> ja | N50: =YEAR(B50) -> 2021
A51: =_xlfn.ISOWEEKNUM(B51) -> 7 | B51: 44242 | C51: Montag | D51: TIMELESS | E51: =IF(VLOOKUP(D51,Budget!A:B,2,FALSE)<>0,IF(G51=0,24,24-G51),0) -> 24 | H51: =IF(E51=0,0,IF(M51="ja",(VLOOKUP(D51,Budget!A:F,6,FALSE)*(E51-(VLOOKUP(D51,Budget!A:F,3,FALSE)))),VLOOKUP($D51,Budget!$A$1:$F$19,6,FALSE)*E51)) -> 28800 | I51: =IF(F51=0,0,IF(M51="ja",((VLOOKUP(F51,Budget!A:F,6,FALSE)*(E51-(VLOOKUP(F51,Budget!A:F,3,FALSE))))),VLOOKUP($D51,Budget!A:F,5,FALSE)*E51)) -> 0 | J51: =H51+I51 -> 28800 | M51: =IF(E51=0,"nein",IF(OR(E51<>24,F50<>0,D51<>D50),"ja","nein")) -> nein | N51: =YEAR(B51) -> 2021
A52: =_xlfn.ISOWEEKNUM(B52) -> 7 | B52: 44243 | C52: Dienstag | D52: HS | E52: =IF(VLOOKUP(D52,Budget!A:B,2,FALSE)<>0,IF(G52=0,24,24-G52),0) -> #N/A | H52: =IF(E52=0,0,IF(M52="ja",(VLOOKUP(D52,Budget!A:F,6,FALSE)*(E52-(VLOOKUP(D52,Budget!A:F,3,FALSE)))),VLOOKUP($D52,Budget!$A$1:$F$19,6,FALSE)*E52)) -> #N/A | I52: =IF(F52=0,0,IF(M52="ja",((VLOOKUP(F52,Budget!A:F,6,FALSE)*(E52-(VLOOKUP(F52,Budget!A:F,3,FALSE))))),VLOOKUP($D52,Budget!A:F,5,FALSE)*E52)) -> 0 | J52: =H52+I52 -> #N/A | M52: =IF(E52=0,"nein",IF(OR(E52<>24,F51<>0,D52<>D51),"ja","nein")) -> #N/A | N52: =YEAR(B52) -> 2021
A53: =_xlfn.ISOWEEKNUM(B53) -> 7 | B53: 44244 | C53: Mittwoch | D53: HS | E53: =IF(VLOOKUP(D53,Budget!A:B,2,FALSE)<>0,IF(G53=0,24,24-G53),0) -> #N/A | H53: =IF(E53=0,0,IF(M53="ja",(VLOOKUP(D53,Budget!A:F,6,FALSE)*(E53-(VLOOKUP(D53,Budget!A:F,3,FALSE)))),VLOOKUP($D53,Budget!$A$1:$F$19,6,FALSE)*E53)) -> #N/A | I53: =IF(F53=0,0,IF(M53="ja",((VLOOKUP(F53,Budget!A:F,6,FALSE)*(E53-(VLOOKUP(F53,Budget!A:F,3,FALSE))))),VLOOKUP($D53,Budget!A:F,5,FALSE)*E53)) -> 0 | J53: =H53+I53 -> #N/A | M53: =IF(E53=0,"nein",IF(OR(E53<>24,F52<>0,D53<>D52),"ja","nein")) -> #N/A | N53: =YEAR(B53) -> 2021
A54: =_xlfn.ISOWEEKNUM(B54) -> 7 | B54: 44245 | C54: Donnerstag | D54: PLT XN | E54: =IF(VLOOKUP(D54,Budget!A:B,2,FALSE)<>0,IF(G54=0,24,24-G54),0) -> 24 | H54: =IF(E54=0,0,IF(M54="ja",(VLOOKUP(D54,Budget!A:F,6,FALSE)*(E54-(VLOOKUP(D54,Budget!A:F,3,FALSE)))),VLOOKUP($D54,Budget!$A$1:$F$19,6,FALSE)*E54)) -> 38269.757 | I54: =IF(F54=0,0,IF(M54="ja",((VLOOKUP(F54,Budget!A:F,6,FALSE)*(E54-(VLOOKUP(F54,Budget!A:F,3,FALSE))))),VLOOKUP($D54,Budget!A:F,5,FALSE)*E54)) -> 0 | J54: =H54+I54 -> 38269.757 | M54: =IF(E54=0,"nein",IF(OR(E54<>24,F53<>0,D54<>D53),"ja","nein")) -> ja | N54: =YEAR(B54) -> 2021
A55: =_xlfn.ISOWEEKNUM(B55) -> 7 | B55: 44246 | C55: Freitag | D55: PLT XN | E55: 18 | H55: =IF(E55=0,0,IF(M55="ja",(VLOOKUP(D55,Budget!A:F,6,FALSE)*(E55-(VLOOKUP(D55,Budget!A:F,3,FALSE)))),VLOOKUP($D55,Budget!$A$1:$F$19,6,FALSE)*E55)) -> 27539.919 | I55: =IF(F55=0,0,IF(M55="ja",((VLOOKUP(F55,Budget!A:F,6,FALSE)*(E55-(VLOOKUP(F55,Budget!A:F,3,FALSE))))),VLOOKUP($D55,Budget!A:F,5,FALSE)*E55)) -> 0 | J55: =H55+I55 -> 27539.919 | M55: =IF(E55=0,"nein",IF(OR(E55<>24,F54<>0,D55<>D54),"ja","nein")) -> ja | N55: =YEAR(B55) -> 2021
A56: =_xlfn.ISOWEEKNUM(B56) -> 7 | B56: 44247 | C56: Samstag | D56: PLT XN | E56: =IF(VLOOKUP(D56,Budget!A:B,2,FALSE)<>0,IF(G56=0,24,24-G56),0) -> 24 | H56: =IF(E56=0,0,IF(M56="ja",(VLOOKUP(D56,Budget!A:F,6,FALSE)*(E56-(VLOOKUP(D56,Budget!A:F,3,FALSE)))),VLOOKUP($D56,Budget!$A$1:$F$19,6,FALSE)*E56)) -> 42919.354 | I56: =IF(F56=0,0,IF(M56="ja",((VLOOKUP(F56,Budget!A:F,6,FALSE)*(E56-(VLOOKUP(F56,Budget!A:F,3,FALSE))))),VLOOKUP($D56,Budget!A:F,5,FALSE)*E56)) -> 0 | J56: =H56+I56 -> 42919.354 | M56: nein | N56: =YEAR(B56) -> 2021
A57: =_xlfn.ISOWEEKNUM(B57) -> 7 | B57: 44248 | C57: Sonntag | D57: PLT XN | E57: =IF(VLOOKUP(D57,Budget!A:B,2,FALSE)<>0,IF(G57=0,24,24-G57),0) -> 24 | H57: =IF(E57=0,0,IF(M57="ja",(VLOOKUP(D57,Budget!A:F,6,FALSE)*(E57-(VLOOKUP(D57,Budget!A:F,3,FALSE)))),VLOOKUP($D57,Budget!$A$1:$F$19,6,FALSE)*E57)) -> 42919.354 | I57: =IF(F57=0,0,IF(M57="ja",((VLOOKUP(F57,Budget!A:F,6,FALSE)*(E57-(VLOOKUP(F57,Budget!A:F,3,FALSE))))),VLOOKUP($D57,Budget!A:F,5,FALSE)*E57)) -> 0 | J57: =H57+I57 -> 42919.354 | M57: =IF(E57=0,"nein",IF(OR(E57<>24,F56<>0,D57<>D56),"ja","nein")) -> nein | N57: =YEAR(B57) -> 2021
A58: =_xlfn.ISOWEEKNUM(B58) -> 8 | B58: 44249 | C58: Montag | D58: PLT XN | E58: =IF(VLOOKUP(D58,Budget!A:B,2,FALSE)<>0,IF(G58=0,24,24-G58),0) -> 24 | H58: =IF(E58=0,0,IF(M58="ja",(VLOOKUP(D58,Budget!A:F,6,FALSE)*(E58-(VLOOKUP(D58,Budget!A:F,3,FALSE)))),VLOOKUP($D58,Budget!$A$1:$F$19,6,FALSE)*E58)) -> 42919.354 | I58: =IF(F58=0,0,IF(M58="ja",((VLOOKUP(F58,Budget!A:F,6,FALSE)*(E58-(VLOOKUP(F58,Budget!A:F,3,FALSE))))),VLOOKUP($D58,Budget!A:F,5,FALSE)*E58)) -> 0 | J58: =H58+I58 -> 42919.354 | L58: MAG Temperofen in Wartung | M58: =IF(E58=0,"nein",IF(OR(E58<>24,F57<>0,D58<>D57),"ja","nein")) -> nein | N58: =YEAR(B58) -> 2021
A59: =_xlfn.ISOWEEKNUM(B59) -> 8 | B59: 44250 | C59: Dienstag | D59: ECLAZ | E59: =IF(VLOOKUP(D59,Budget!A:B,2,FALSE)<>0,IF(G59=0,24,24-G59),0) -> 24 | H59: =IF(E59=0,0,IF(M59="ja",(VLOOKUP(D59,Budget!A:F,6,FALSE)*(E59-(VLOOKUP(D59,Budget!A:F,3,FALSE)))),VLOOKUP($D59,Budget!$A$1:$F$19,6,FALSE)*E59)) -> 30030 | I59: =IF(F59=0,0,IF(M59="ja",((VLOOKUP(F59,Budget!A:F,6,FALSE)*(E59-(VLOOKUP(F59,Budget!A:F,3,FALSE))))),VLOOKUP($D59,Budget!A:F,5,FALSE)*E59)) -> 0 | J59: =H59+I59 -> 30030 | L59: MAG Temperofen in Wartung | M59: =IF(E59=0,"nein",IF(OR(E59<>24,F58<>0,D59<>D58),"ja","nein")) -> ja | N59: =YEAR(B59) -> 2021
A60: =_xlfn.ISOWEEKNUM(B60) -> 8 | B60: 44251 | C60: Mittwoch | D60: ECLAZ | E60: =IF(VLOOKUP(D60,Budget!A:B,2,FALSE)<>0,IF(G60=0,24,24-G60),0) -> 24 | H60: =IF(E60=0,0,IF(M60="ja",(VLOOKUP(D60,Budget!A:F,6,FALSE)*(E60-(VLOOKUP(D60,Budget!A:F,3,FALSE)))),VLOOKUP($D60,Budget!$A$1:$F$19,6,FALSE)*E60)) -> 36960 | I60: =IF(F60=0,0,IF(M60="ja",((VLOOKUP(F60,Budget!A:F,6,FALSE)*(E60-(VLOOKUP(F60,Budget!A:F,3,FALSE))))),VLOOKUP($D60,Budget!A:F,5,FALSE)*E60)) -> 0 | J60: =H60+I60 -> 36960 | L60: MAG Temperofen in Wartung | M60: =IF(E60=0,"nein",IF(OR(E60<>24,F59<>0,D60<>D59),"ja","nein")) -> nein | N60: =YEAR(B60) -> 2021
A61: =_xlfn.ISOWEEKNUM(B61) -> 8 | B61: 44252 | C61: Donnerstag | D61: ECLAZ | E61: =IF(VLOOKUP(D61,Budget!A:B,2,FALSE)<>0,IF(G61=0,24,24-G61),0) -> 24 | H61: =IF(E61=0,0,IF(M61="ja",(VLOOKUP(D61,Budget!A:F,6,FALSE)*(E61-(VLOOKUP(D61,Budget!A:F,3,FALSE)))),VLOOKUP($D61,Budget!$A$1:$F$19,6,FALSE)*E61)) -> 36960 | I61: =IF(F61=0,0,IF(M61="ja",((VLOOKUP(F61,Budget!A:F,6,FALSE)*(E61-(VLOOKUP(F61,Budget!A:F,3,FALSE))))),VLOOKUP($D61,Budget!A:F,5,FALSE)*E61)) -> 0 | J61: =H61+I61 -> 36960 | L61: MAG Temperofen in Wartung | M61: =IF(E61=0,"nein",IF(OR(E61<>24,F60<>0,D61<>D60),"ja","nein")) -> nein | N61: =YEAR(B61) -> 2021
A62: =_xlfn.ISOWEEKNUM(B62) -> 8 | B62: 44253 | C62: Freitag | D62: ECLAZ | E62: 18 | F62: SIGMA | G62: 6 | H62: =IF(E62=0,0,IF(M62="ja",(VLOOKUP(D62,Budget!A:F,6,FALSE)*(E62-(VLOOKUP(D62,Budget!A:F,3,FALSE)))),VLOOKUP($D62,Budget!$A$1:$F$19,6,FALSE)*E62)) -> 20790 | I62: =IF(F62=0,0,IF(M62="ja",((VLOOKUP(F62,Budget!A:F,6,FALSE)*(E62-(VLOOKUP(F62,Budget!A:F,3,FALSE))))),VLOOKUP($D62,Budget!A:F,5,FALSE)*E62)) -> 0 | J62: =H62+I62 -> 20790 | L62: Sigma Versuch 6h | M62: =IF(E62=0,"nein",IF(OR(E62<>24,F61<>0,D62<>D61),"ja","nein")) -> ja | N62: =YEAR(B62) -> 2021
A63: =_xlfn.ISOWEEKNUM(B63) -> 8 | B63: 44254 | C63: Samstag | D63: ECLAZ | E63: =IF(VLOOKUP(D63,Budget!A:B,2,FALSE)<>0,IF(G63=0,24,24-G63),0) -> 24 | H63: =IF(E63=0,0,IF(M63="ja",(VLOOKUP(D63,Budget!A:F,6,FALSE)*(E63-(VLOOKUP(D63,Budget!A:F,3,FALSE)))),VLOOKUP($D63,Budget!$A$1:$F$19,6,FALSE)*E63)) -> 36960 | I63: =IF(F63=0,0,IF(M63="ja",((VLOOKUP(F63,Budget!A:F,6,FALSE)*(E63-(VLOOKUP(F63,Budget!A:F,3,FALSE))))),VLOOKUP($D63,Budget!A:F,5,FALSE)*E63)) -> 0 | J63: =H63+I63 -> 36960 | M63: nein | N63: =YEAR(B63) -> 2021
A64: =_xlfn.ISOWEEKNUM(B64) -> 8 | B64: 44255 | C64: Sonntag | D64: ECLAZ | E64: =IF(VLOOKUP(D64,Budget!A:B,2,FALSE)<>0,IF(G64=0,24,24-G64),0) -> 24 | H64: =IF(E64=0,0,IF(M64="ja",(VLOOKUP(D64,Budget!A:F,6,FALSE)*(E64-(VLOOKUP(D64,Budget!A:F,3,FALSE)))),VLOOKUP($D64,Budget!$A$1:$F$19,6,FALSE)*E64)) -> 36960 | I64: =IF(F64=0,0,IF(M64="ja",((VLOOKUP(F64,Budget!A:F,6,FALSE)*(E64-(VLOOKUP(F64,Budget!A:F,3,FALSE))))),VLOOKUP($D64,Budget!A:F,5,FALSE)*E64)) -> 0 | J64: =H64+I64 -> 36960 | M64: =IF(E64=0,"nein",IF(OR(E64<>24,F63<>0,D64<>D63),"ja","nein")) -> nein | N64: =YEAR(B64) -> 2021
A65: =_xlfn.ISOWEEKNUM(B65) -> 9 | B65: 44256 | C65: Montag | D65: ECLAZ | E65: 12 | F65: PLT ONE | G65: 12 | H65: =IF(E65=0,0,IF(M65="ja",(VLOOKUP(D65,Budget!A:F,6,FALSE)*(E65-(VLOOKUP(D65,Budget!A:F,3,FALSE)))),VLOOKUP($D65,Budget!$A$1:$F$19,6,FALSE)*E65)) -> 11550 | I65: =IF(F65=0,0,IF(M65="ja",((VLOOKUP(F65,Budget!A:F,6,FALSE)*(E65-(VLOOKUP(F65,Budget!A:F,3,FALSE))))),VLOOKUP($D65,Budget!A:F,5,FALSE)*E65)) -> 13854.931 | J65: =H65+I65 -> 25404.931 | M65: =IF(E65=0,"nein",IF(OR(E65<>24,F64<>0,D65<>D64),"ja","nein")) -> ja | N65: =YEAR(B65) -> 2021
A66: =_xlfn.ISOWEEKNUM(B66) -> 9 | B66: 44257 | C66: Dienstag | D66: PLT ONE | E66: 12 | F66: PLT XN | G66: 12 | H66: =IF(E66=0,0,IF(M66="ja",(VLOOKUP(D66,Budget!A:F,6,FALSE)*(E66-(VLOOKUP(D66,Budget!A:F,3,FALSE)))),VLOOKUP($D66,Budget!$A$1:$F$19,6,FALSE)*E66)) -> 13854.931 | I66: =IF(F66=0,0,IF(M66="ja",((VLOOKUP(F66,Budget!A:F,6,FALSE)*(E66-(VLOOKUP(F66,Budget!A:F,3,FALSE))))),VLOOKUP($D66,Budget!A:F,5,FALSE)*E66)) -> 16810.08 | J66: =H66+I66 -> 30665.011 | M66: =IF(E66=0,"nein",IF(OR(E66<>24,F65<>0,D66<>D65),"ja","nein")) -> ja | N66: =YEAR(B66) -> 2021
A67: =_xlfn.ISOWEEKNUM(B67) -> 9 | B67: 44258 | C67: Mittwoch | D67: PLT XN | E67: =IF(VLOOKUP(D67,Budget!A:B,2,FALSE)<>0,IF(G67=0,24,24-G67),0) -> 24 | H67: =IF(E67=0,0,IF(M67="ja",(VLOOKUP(D67,Budget!A:F,6,FALSE)*(E67-(VLOOKUP(D67,Budget!A:F,3,FALSE)))),VLOOKUP($D67,Budget!$A$1:$F$19,6,FALSE)*E67)) -> 38269.757 | I67: =IF(F67=0,0,IF(M67="ja",((VLOOKUP(F67,Budget!A:F,6,FALSE)*(E67-(VLOOKUP(F67,Budget!A:F,3,FALSE))))),VLOOKUP($D67,Budget!A:F,5,FALSE)*E67)) -> 0 | J67: =H67+I67 -> 38269.757 | M67: =IF(E67=0,"nein",IF(OR(E67<>24,F66<>0,D67<>D66),"ja","nein")) -> ja | N67: =YEAR(B67) -> 2021
A68: =_xlfn.ISOWEEKNUM(B68) -> 9 | B68: 44259 | C68: Donnerstag | D68: PLT XN | E68: =IF(VLOOKUP(D68,Budget!A:B,2,FALSE)<>0,IF(G68=0,24,24-G68),0) -> 24 | H68: =IF(E68=0,0,IF(M68="ja",(VLOOKUP(D68,Budget!A:F,6,FALSE)*(E68-(VLOOKUP(D68,Budget!A:F,3,FALSE)))),VLOOKUP($D68,Budget!$A$1:$F$19,6,FALSE)*E68)) -> 42919.354 | I68: =IF(F68=0,0,IF(M68="ja",((VLOOKUP(F68,Budget!A:F,6,FALSE)*(E68-(VLOOKUP(F68,Budget!A:F,3,FALSE))))),VLOOKUP($D68,Budget!A:F,5,FALSE)*E68)) -> 0 | J68: =H68+I68 -> 42919.354 | M68: =IF(E68=0,"nein",IF(OR(E68<>24,F67<>0,D68<>D67),"ja","nein")) -> nein | N68: =YEAR(B68) -> 2021
A69: =_xlfn.ISOWEEKNUM(B69) -> 9 | B69: 44260 | C69: Freitag | D69: PLT XN | E69: 24 | H69: =IF(E69=0,0,IF(M69="ja",(VLOOKUP(D69,Budget!A:F,6,FALSE)*(E69-(VLOOKUP(D69,Budget!A:F,3,FALSE)))),VLOOKUP($D69,Budget!$A$1:$F$19,6,FALSE)*E69)) -> 42919.354 | I69: =IF(F69=0,0,IF(M69="ja",((VLOOKUP(F69,Budget!A:F,6,FALSE)*(E69-(VLOOKUP(F69,Budget!A:F,3,FALSE))))),VLOOKUP($D69,Budget!A:F,5,FALSE)*E69)) -> 0 | J69: =H69+I69 -> 42919.354 | M69: =IF(E69=0,"nein",IF(OR(E69<>24,F68<>0,D69<>D68),"ja","nein")) -> nein | N69: =YEAR(B69) -> 2021
A70: =_xlfn.ISOWEEKNUM(B70) -> 9 | B70: 44261 | C70: Samstag | D70: Bioclean | E70: =IF(VLOOKUP(D70,Budget!A:B,2,FALSE)<>0,IF(G70=0,24,24-G70),0) -> 24 | H70: =IF(E70=0,0,IF(M70="ja",(VLOOKUP(D70,Budget!A:F,6,FALSE)*(E70-(VLOOKUP(D70,Budget!A:F,3,FALSE)))),VLOOKUP($D70,Budget!$A$1:$F$19,6,FALSE)*E70)) -> 9843.7955 | I70: =IF(F70=0,0,IF(M70="ja",((VLOOKUP(F70,Budget!A:F,6,FALSE)*(E70-(VLOOKUP(F70,Budget!A:F,3,FALSE))))),VLOOKUP($D70,Budget!A:F,5,FALSE)*E70)) -> 0 | J70: =H70+I70 -> 9843.7955 | M70: =IF(E70=0,"nein",IF(OR(E70<>24,F69<>0,D70<>D69),"ja","nein")) -> ja | N70: =YEAR(B70) -> 2021
A71: =_xlfn.ISOWEEKNUM(B71) -> 9 | B71: 44262 | C71: Sonntag | D71: Bioclean | E71: =IF(VLOOKUP(D71,Budget!A:B,2,FALSE)<>0,IF(G71=0,24,24-G71),0) -> 24 | H71: =IF(E71=0,0,IF(M71="ja",(VLOOKUP(D71,Budget!A:F,6,FALSE)*(E71-(VLOOKUP(D71,Budget!A:F,3,FALSE)))),VLOOKUP($D71,Budget!$A$1:$F$19,6,FALSE)*E71)) -> 11812.555 | I71: =IF(F71=0,0,IF(M71="ja",((VLOOKUP(F71,Budget!A:F,6,FALSE)*(E71-(VLOOKUP(F71,Budget!A:F,3,FALSE))))),VLOOKUP($D71,Budget!A:F,5,FALSE)*E71)) -> 0 | J71: =H71+I71 -> 11812.555 | M71: =IF(E71=0,"nein",IF(OR(E71<>24,F70<>0,D71<>D70),"ja","nein")) -> nein | N71: =YEAR(B71) -> 2021
A72: =_xlfn.ISOWEEKNUM(B72) -> 10 | B72: 44263 | C72: Montag | D72: W | E72: =IF(VLOOKUP(D72,Budget!A:B,2,FALSE)<>0,IF(G72=0,24,24-G72),0) -> 0 | H72: =IF(E72=0,0,IF(M72="ja",(VLOOKUP(D72,Budget!A:F,6,FALSE)*(E72-(VLOOKUP(D72,Budget!A:F,3,FALSE)))),VLOOKUP($D72,Budget!$A$1:$F$19,6,FALSE)*E72)) -> 0 | I72: =IF(F72=0,0,IF(M72="ja",((VLOOKUP(F72,Budget!A:F,6,FALSE)*(E72-(VLOOKUP(F72,Budget!A:F,3,FALSE))))),VLOOKUP($D72,Budget!A:F,5,FALSE)*E72)) -> 0 | J72: =H72+I72 -> 0 | M72: =IF(E72=0,"nein",IF(OR(E72<>24,F71<>0,D72<>D71),"ja","nein")) -> nein | N72: =YEAR(B72) -> 2021
A73: =_xlfn.ISOWEEKNUM(B73) -> 10 | B73: 44264 | C73: Dienstag | D73: W | E73: =IF(VLOOKUP(D73,Budget!A:B,2,FALSE)<>0,IF(G73=0,24,24-G73),0) -> 0 | H73: =IF(E73=0,0,IF(M73="ja",(VLOOKUP(D73,Budget!A:F,6,FALSE)*(E73-(VLOOKUP(D73,Budget!A:F,3,FALSE)))),VLOOKUP($D73,Budget!$A$1:$F$19,6,FALSE)*E73)) -> 0 | I73: =IF(F73=0,0,IF(M73="ja",((VLOOKUP(F73,Budget!A:F,6,FALSE)*(E73-(VLOOKUP(F73,Budget!A:F,3,FALSE))))),VLOOKUP($D73,Budget!A:F,5,FALSE)*E73)) -> 0 | J73: =H73+I73 -> 0 | M73: =IF(E73=0,"nein",IF(OR(E73<>24,F72<>0,D73<>D72),"ja","nein")) -> nein | N73: =YEAR(B73) -> 2021
A74: =_xlfn.ISOWEEKNUM(B74) -> 10 | B74: 44265 | C74: Mittwoch | D74: K | E74: =IF(VLOOKUP(D74,Budget!A:B,2,FALSE)<>0,IF(G74=0,24,24-G74),0) -> 0 | H74: =IF(E74=0,0,IF(M74="ja",(VLOOKUP(D74,Budget!A:F,6,FALSE)*(E74-(VLOOKUP(D74,Budget!A:F,3,FALSE)))),VLOOKUP($D74,Budget!$A$1:$F$19,6,FALSE)*E74)) -> 0 | I74: =IF(F74=0,0,IF(M74="ja",((VLOOKUP(F74,Budget!A:F,6,FALSE)*(E74-(VLOOKUP(F74,Budget!A:F,3,FALSE))))),VLOOKUP($D74,Budget!A:F,5,FALSE)*E74)) -> 0 | J74: =H74+I74 -> 0 | M74: =IF(E74=0,"nein",IF(OR(E74<>24,F73<>0,D74<>D73),"ja","nein")) -> nein | N74: =YEAR(B74) -> 2021
A75: =_xlfn.ISOWEEKNUM(B75) -> 10 | B75: 44266 | C75: Donnerstag | D75: K | E75: 12 | F75: PLT XN | G75: 12 | H75: =IF(E75=0,0,IF(M75="ja",(VLOOKUP(D75,Budget!A:F,6,FALSE)*(E75-(VLOOKUP(D75,Budget!A:F,3,FALSE)))),VLOOKUP($D75,Budget!$A$1:$F$19,6,FALSE)*E75)) -> 0 | I75: =IF(F75=0,0,IF(M75="ja",((VLOOKUP(F75,Budget!A:F,6,FALSE)*(E75-(VLOOKUP(F75,Budget!A:F,3,FALSE))))),VLOOKUP($D75,Budget!A:F,5,FALSE)*E75)) -> 16810.08 | J75: =H75+I75 -> 16810.08 | M75: =IF(E75=0,"nein",IF(OR(E75<>24,F74<>0,D75<>D74),"ja","nein")) -> ja | N75: =YEAR(B75) -> 2021
A76: =_xlfn.ISOWEEKNUM(B76) -> 10 | B76: 44267 | C76: Freitag | D76: PLT XN | E76: =IF(VLOOKUP(D76,Budget!A:B,2,FALSE)<>0,IF(G76=0,24,24-G76),0) -> 24 | H76: =IF(E76=0,0,IF(M76="ja",(VLOOKUP(D76,Budget!A:F,6,FALSE)*(E76-(VLOOKUP(D76,Budget!A:F,3,FALSE)))),VLOOKUP($D76,Budget!$A$1:$F$19,6,FALSE)*E76)) -> 42919.354 | I76: =IF(F76=0,0,IF(M76="ja",((VLOOKUP(F76,Budget!A:F,6,FALSE)*(E76-(VLOOKUP(F76,Budget!A:F,3,FALSE))))),VLOOKUP($D76,Budget!A:F,5,FALSE)*E76)) -> 0 | J76: =H76+I76 -> 42919.354 | M76: nein | N76: =YEAR(B76) -> 2021
A77: =_xlfn.ISOWEEKNUM(B77) -> 10 | B77: 44268 | C77: Samstag | D77: PLT XN | E77: =IF(VLOOKUP(D77,Budget!A:B,2,FALSE)<>0,IF(G77=0,24,24-G77),0) -> 24 | H77: =IF(E77=0,0,IF(M77="ja",(VLOOKUP(D77,Budget!A:F,6,FALSE)*(E77-(VLOOKUP(D77,Budget!A:F,3,FALSE)))),VLOOKUP($D77,Budget!$A$1:$F$19,6,FALSE)*E77)) -> 42919.354 | I77: =IF(F77=0,0,IF(M77="ja",((VLOOKUP(F77,Budget!A:F,6,FALSE)*(E77-(VLOOKUP(F77,Budget!A:F,3,FALSE))))),VLOOKUP($D77,Budget!A:F,5,FALSE)*E77)) -> 0 | J77: =H77+I77 -> 42919.354 | M77: =IF(E77=0,"nein",IF(OR(E77<>24,F76<>0,D77<>D76),"ja","nein")) -> nein | N77: =YEAR(B77) -> 2021
A78: =_xlfn.ISOWEEKNUM(B78) -> 10 | B78: 44269 | C78: Sonntag | D78: PLT XN | E78: =IF(VLOOKUP(D78,Budget!A:B,2,FALSE)<>0,IF(G78=0,24,24-G78),0) -> 24 | H78: =IF(E78=0,0,IF(M78="ja",(VLOOKUP(D78,Budget!A:F,6,FALSE)*(E78-(VLOOKUP(D78,Budget!A:F,3,FALSE)))),VLOOKUP($D78,Budget!$A$1:$F$19,6,FALSE)*E78)) -> 42919.354 | I78: =IF(F78=0,0,IF(M78="ja",((VLOOKUP(F78,Budget!A:F,6,FALSE)*(E78-(VLOOKUP(F78,Budget!A:F,3,FALSE))))),VLOOKUP($D78,Budget!A:F,5,FALSE)*E78)) -> 0 | J78: =H78+I78 -> 42919.354 | M78: =IF(E78=0,"nein",IF(OR(E78<>24,F77<>0,D78<>D77),"ja","nein")) -> nein | N78: =YEAR(B78) -> 2021
A79: =_xlfn.ISOWEEKNUM(B79) -> 11 | B79: 44270 | C79: Montag | D79: PLT XN | E79: =IF(VLOOKUP(D79,Budget!A:B,2,FALSE)<>0,IF(G79=0,24,24-G79),0) -> 24 | H79: =IF(E79=0,0,IF(M79="ja",(VLOOKUP(D79,Budget!A:F,6,FALSE)*(E79-(VLOOKUP(D79,Budget!A:F,3,FALSE)))),VLOOKUP($D79,Budget!$A$1:$F$19,6,FALSE)*E79)) -> 42919.354 | I79: =IF(F79=0,0,IF(M79="ja",((VLOOKUP(F79,Budget!A:F,6,FALSE)*(E79-(VLOOKUP(F79,Budget!A:F,3,FALSE))))),VLOOKUP($D79,Budget!A:F,5,FALSE)*E79)) -> 0 | J79: =H79+I79 -> 42919.354 | M79: =IF(E79=0,"nein",IF(OR(E79<>24,F78<>0,D79<>D78),"ja","nein")) -> nein | N79: =YEAR(B79) -> 2021
A80: =_xlfn.ISOWEEKNUM(B80) -> 11 | B80: 44271 | C80: Dienstag | D80: PLT XN | E80: =IF(VLOOKUP(D80,Budget!A:B,2,FALSE)<>0,IF(G80=0,24,24-G80),0) -> 24 | H80: =IF(E80=0,0,IF(M80="ja",(VLOOKUP(D80,Budget!A:F,6,FALSE)*(E80-(VLOOKUP(D80,Budget!A:F,3,FALSE)))),VLOOKUP($D80,Budget!$A$1:$F$19,6,FALSE)*E80)) -> 42919.354 | I80: =IF(F80=0,0,IF(M80="ja",((VLOOKUP(F80,Budget!A:F,6,FALSE)*(E80-(VLOOKUP(F80,Budget!A:F,3,FALSE))))),VLOOKUP($D80,Budget!A:F,5,FALSE)*E80)) -> 0 | J80: =H80+I80 -> 42919.354 | M80: =IF(E80=0,"nein",IF(OR(E80<>24,F79<>0,D80<>D79),"ja","nein")) -> nein | N80: =YEAR(B80) -> 2021
A81: =_xlfn.ISOWEEKNUM(B81) -> 11 | B81: 44272 | C81: Mittwoch | D81: PLT XN | E81: =IF(VLOOKUP(D81,Budget!A:B,2,FALSE)<>0,IF(G81=0,24,24-G81),0) -> 23 | F81: SIGMA | G81: 1 | H81: =IF(E81=0,0,IF(M81="ja",(VLOOKUP(D81,Budget!A:F,6,FALSE)*(E81-(VLOOKUP(D81,Budget!A:F,3,FALSE)))),VLOOKUP($D81,Budget!$A$1:$F$19,6,FALSE)*E81)) -> 41131.047 | I81: =IF(F81=0,0,IF(M81="ja",((VLOOKUP(F81,Budget!A:F,6,FALSE)*(E81-(VLOOKUP(F81,Budget!A:F,3,FALSE))))),VLOOKUP($D81,Budget!A:F,5,FALSE)*E81)) -> 0 | J81: =H81+I81 -> 41131.047 | L81: Versuch PLT XN-T | M81: nein | N81: =YEAR(B81) -> 2021
A82: =_xlfn.ISOWEEKNUM(B82) -> 11 | B82: 44273 | C82: Donnerstag | D82: PLT XN | E82: =IF(VLOOKUP(D82,Budget!A:B,2,FALSE)<>0,IF(G82=0,24,24-G82),0) -> 24 | H82: =IF(E82=0,0,IF(M82="ja",(VLOOKUP(D82,Budget!A:F,6,FALSE)*(E82-(VLOOKUP(D82,Budget!A:F,3,FALSE)))),VLOOKUP($D82,Budget!$A$1:$F$19,6,FALSE)*E82)) -> 42919.354 | I82: =IF(F82=0,0,IF(M82="ja",((VLOOKUP(F82,Budget!A:F,6,FALSE)*(E82-(VLOOKUP(F82,Budget!A:F,3,FALSE))))),VLOOKUP($D82,Budget!A:F,5,FALSE)*E82)) -> 0 | J82: =H82+I82 -> 42919.354 | M82: nein | N82: =YEAR(B82) -> 2021
A83: =_xlfn.ISOWEEKNUM(B83) -> 11 | B83: 44274 | C83: Freitag | D83: ECLAZ | E83: =IF(VLOOKUP(D83,Budget!A:B,2,FALSE)<>0,IF(G83=0,24,24-G83),0) -> 24 | H83: =IF(E83=0,0,IF(M83="ja",(VLOOKUP(D83,Budget!A:F,6,FALSE)*(E83-(VLOOKUP(D83,Budget!A:F,3,FALSE)))),VLOOKUP($D83,Budget!$A$1:$F$19,6,FALSE)*E83)) -> 30030 | I83: =IF(F83=0,0,IF(M83="ja",((VLOOKUP(F83,Budget!A:F,6,FALSE)*(E83-(VLOOKUP(F83,Budget!A:F,3,FALSE))))),VLOOKUP($D83,Budget!A:F,5,FALSE)*E83)) -> 0 | J83: =H83+I83 -> 30030 | M83: =IF(E83=0,"nein",IF(OR(E83<>24,F82<>0,D83<>D82),"ja","nein")) -> ja | N83: =YEAR(B83) -> 2021
A84: =_xlfn.ISOWEEKNUM(B84) -> 11 | B84: 44275 | C84: Samstag | D84: ECLAZ | E84: =IF(VLOOKUP(D84,Budget!A:B,2,FALSE)<>0,IF(G84=0,24,24-G84),0) -> 24 | H84: =IF(E84=0,0,IF(M84="ja",(VLOOKUP(D84,Budget!A:F,6,FALSE)*(E84-(VLOOKUP(D84,Budget!A:F,3,FALSE)))),VLOOKUP($D84,Budget!$A$1:$F$19,6,FALSE)*E84)) -> 36960 | I84: =IF(F84=0,0,IF(M84="ja",((VLOOKUP(F84,Budget!A:F,6,FALSE)*(E84-(VLOOKUP(F84,Budget!A:F,3,FALSE))))),VLOOKUP($D84,Budget!A:F,5,FALSE)*E84)) -> 0 | J84: =H84+I84 -> 36960 | M84: =IF(E84=0,"nein",IF(OR(E84<>24,F83<>0,D84<>D83),"ja","nein")) -> nein | N84: =YEAR(B84) -> 2021
A85: =_xlfn.ISOWEEKNUM(B85) -> 11 | B85: 44276 | C85: Sonntag | D85: ECLAZ | E85: =IF(VLOOKUP(D85,Budget!A:B,2,FALSE)<>0,IF(G85=0,24,24-G85),0) -> 24 | H85: =IF(E85=0,0,IF(M85="ja",(VLOOKUP(D85,Budget!A:F,6,FALSE)*(E85-(VLOOKUP(D85,Budget!A:F,3,FALSE)))),VLOOKUP($D85,Budget!$A$1:$F$19,6,FALSE)*E85)) -> 36960 | I85: =IF(F85=0,0,IF(M85="ja",((VLOOKUP(F85,Budget!A:F,6,FALSE)*(E85-(VLOOKUP(F85,Budget!A:F,3,FALSE))))),VLOOKUP($D85,Budget!A:F,5,FALSE)*E85)) -> 0 | J85: =H85+I85 -> 36960 | M85: =IF(E85=0,"nein",IF(OR(E85<>24,F84<>0,D85<>D84),"ja","nein")) -> nein | N85: =YEAR(B85) -> 2021
A86: =_xlfn.ISOWEEKNUM(B86) -> 12 | B86: 44277 | C86: Montag | D86: ECLAZ | E86: =IF(VLOOKUP(D86,Budget!A:B,2,FALSE)<>0,IF(G86=0,24,24-G86),0) -> 24 | H86: =IF(E86=0,0,IF(M86="ja",(VLOOKUP(D86,Budget!A:F,6,FALSE)*(E86-(VLOOKUP(D86,Budget!A:F,3,FALSE)))),VLOOKUP($D86,Budget!$A$1:$F$19,6,FALSE)*E86)) -> 36960 | I86: =IF(F86=0,0,IF(M86="ja",((VLOOKUP(F86,Budget!A:F,6,FALSE)*(E86-(VLOOKUP(F86,Budget!A:F,3,FALSE))))),VLOOKUP($D86,Budget!A:F,5,FALSE)*E86)) -> 0 | J86: =H86+I86 -> 36960 | M86: =IF(E86=0,"nein",IF(OR(E86<>24,F85<>0,D86<>D85),"ja","nein")) -> nein | N86: =YEAR(B86) -> 2021
A87: =_xlfn.ISOWEEKNUM(B87) -> 12 | B87: 44278 | C87: Dienstag | D87: ECLAZ | E87: =IF(VLOOKUP(D87,Budget!A:B,2,FALSE)<>0,IF(G87=0,24,24-G87),0) -> 24 | H87: =IF(E87=0,0,IF(M87="ja",(VLOOKUP(D87,Budget!A:F,6,FALSE)*(E87-(VLOOKUP(D87,Budget!A:F,3,FALSE)))),VLOOKUP($D87,Budget!$A$1:$F$19,6,FALSE)*E87)) -> 36960 | I87: =IF(F87=0,0,IF(M87="ja",((VLOOKUP(F87,Budget!A:F,6,FALSE)*(E87-(VLOOKUP(F87,Budget!A:F,3,FALSE))))),VLOOKUP($D87,Budget!A:F,5,FALSE)*E87)) -> 0 | J87: =H87+I87 -> 36960 | M87: =IF(E87=0,"nein",IF(OR(E87<>24,F86<>0,D87<>D86),"ja","nein")) -> nein | N87: =YEAR(B87) -> 2021
A88: =_xlfn.ISOWEEKNUM(B88) -> 12 | B88: 44279 | C88: Mittwoch | D88: ECLAZ | E88: =IF(VLOOKUP(D88,Budget!A:B,2,FALSE)<>0,IF(G88=0,24,24-G88),0) -> 16 | F88: SIGMA | G88: 8 | H88: =IF(E88=0,0,IF(M88="ja",(VLOOKUP(D88,Budget!A:F,6,FALSE)*(E88-(VLOOKUP(D88,Budget!A:F,3,FALSE)))),VLOOKUP($D88,Budget!$A$1:$F$19,6,FALSE)*E88)) -> 24640 | I88: =IF(F88=0,0,IF(M88="ja",((VLOOKUP(F88,Budget!A:F,6,FALSE)*(E88-(VLOOKUP(F88,Budget!A:F,3,FALSE))))),VLOOKUP($D88,Budget!A:F,5,FALSE)*E88)) -> 0 | J88: =H88+I88 -> 24640 | L88: Overcoatversuche TiOx | M88: nein | N88: =YEAR(B88) -> 2021
A89: =_xlfn.ISOWEEKNUM(B89) -> 12 | B89: 44280 | C89: Donnerstag | D89: ECLAZ | E89: =IF(VLOOKUP(D89,Budget!A:B,2,FALSE)<>0,IF(G89=0,24,24-G89),0) -> 24 | H89: =IF(E89=0,0,IF(M89="ja",(VLOOKUP(D89,Budget!A:F,6,FALSE)*(E89-(VLOOKUP(D89,Budget!A:F,3,FALSE)))),VLOOKUP($D89,Budget!$A$1:$F$19,6,FALSE)*E89)) -> 36960 | I89: =IF(F89=0,0,IF(M89="ja",((VLOOKUP(F89,Budget!A:F,6,FALSE)*(E89-(VLOOKUP(F89,Budget!A:F,3,FALSE))))),VLOOKUP($D89,Budget!A:F,5,FALSE)*E89)) -> 0 | J89: =H89+I89 -> 36960 | M89: nein | N89: =YEAR(B89) -> 2021
A90: =_xlfn.ISOWEEKNUM(B90) -> 12 | B90: 44281 | C90: Freitag | D90: ECLAZ ONE | E90: =IF(VLOOKUP(D90,Budget!A:B,2,FALSE)<>0,IF(G90=0,24,24-G90),0) -> 24 | H90: =IF(E90=0,0,IF(M90="ja",(VLOOKUP(D90,Budget!A:F,6,FALSE)*(E90-(VLOOKUP(D90,Budget!A:F,3,FALSE)))),VLOOKUP($D90,Budget!$A$1:$F$19,6,FALSE)*E90)) -> 27720 | I90: =IF(F90=0,0,IF(M90="ja",((VLOOKUP(F90,Budget!A:F,6,FALSE)*(E90-(VLOOKUP(F90,Budget!A:F,3,FALSE))))),VLOOKUP($D90,Budget!A:F,5,FALSE)*E90)) -> 0 | J90: =H90+I90 -> 27720 | M90: =IF(E90=0,"nein",IF(OR(E90<>24,F89<>0,D90<>D89),"ja","nein")) -> ja | N90: =YEAR(B90) -> 2021
A91: =_xlfn.ISOWEEKNUM(B91) -> 12 | B91: 44282 | C91: Samstag | D91: ECLAZ ONE | E91: =IF(VLOOKUP(D91,Budget!A:B,2,FALSE)<>0,IF(G91=0,24,24-G91),0) -> 24 | H91: =IF(E91=0,0,IF(M91="ja",(VLOOKUP(D91,Budget!A:F,6,FALSE)*(E91-(VLOOKUP(D91,Budget!A:F,3,FALSE)))),VLOOKUP($D91,Budget!$A$1:$F$19,6,FALSE)*E91)) -> 36960 | I91: =IF(F91=0,0,IF(M91="ja",((VLOOKUP(F91,Budget!A:F,6,FALSE)*(E91-(VLOOKUP(F91,Budget!A:F,3,FALSE))))),VLOOKUP($D91,Budget!A:F,5,FALSE)*E91)) -> 0 | J91: =H91+I91 -> 36960 | M91: =IF(E91=0,"nein",IF(OR(E91<>24,F90<>0,D91<>D90),"ja","nein")) -> nein | N91: =YEAR(B91) -> 2021
A92: =_xlfn.ISOWEEKNUM(B92) -> 12 | B92: 44283 | C92: Sonntag | D92: ECLAZ ONE | E92: =IF(VLOOKUP(D92,Budget!A:B,2,FALSE)<>0,IF(G92=0,24,24-G92),0) -> 24 | H92: =IF(E92=0,0,IF(M92="ja",(VLOOKUP(D92,Budget!A:F,6,FALSE)*(E92-(VLOOKUP(D92,Budget!A:F,3,FALSE)))),VLOOKUP($D92,Budget!$A$1:$F$19,6,FALSE)*E92)) -> 36960 | I92: =IF(F92=0,0,IF(M92="ja",((VLOOKUP(F92,Budget!A:F,6,FALSE)*(E92-(VLOOKUP(F92,Budget!A:F,3,FALSE))))),VLOOKUP($D92,Budget!A:F,5,FALSE)*E92)) -> 0 | J92: =H92+I92 -> 36960 | M92: =IF(E92=0,"nein",IF(OR(E92<>24,F91<>0,D92<>D91),"ja","nein")) -> nein | N92: =YEAR(B92) -> 2021
A93: =_xlfn.ISOWEEKNUM(B93) -> 13 | B93: 44284 | C93: Montag | D93: PLT XNII | E93: =IF(VLOOKUP(D93,Budget!A:B,2,FALSE)<>0,IF(G93=0,24,24-G93),0) -> 24 | H93: =IF(E93=0,0,IF(M93="ja",(VLOOKUP(D93,Budget!A:F,6,FALSE)*(E93-(VLOOKUP(D93,Budget!A:F,3,FALSE)))),VLOOKUP($D93,Budget!$A$1:$F$19,6,FALSE)*E93)) -> 35553.574 | I93: =IF(F93=0,0,IF(M93="ja",((VLOOKUP(F93,Budget!A:F,6,FALSE)*(E93-(VLOOKUP(F93,Budget!A:F,3,FALSE))))),VLOOKUP($D93,Budget!A:F,5,FALSE)*E93)) -> 0 | J93: =H93+I93 -> 35553.574 | M93: nein | N93: =YEAR(B93) -> 2021
A94: =_xlfn.ISOWEEKNUM(B94) -> 13 | B94: 44285 | C94: Dienstag | D94: PLT XNII | E94: =IF(VLOOKUP(D94,Budget!A:B,2,FALSE)<>0,IF(G94=0,24,24-G94),0) -> 24 | H94: =IF(E94=0,0,IF(M94="ja",(VLOOKUP(D94,Budget!A:F,6,FALSE)*(E94-(VLOOKUP(D94,Budget!A:F,3,FALSE)))),VLOOKUP($D94,Budget!$A$1:$F$19,6,FALSE)*E94)) -> 35553.574 | I94: =IF(F94=0,0,IF(M94="ja",((VLOOKUP(F94,Budget!A:F,6,FALSE)*(E94-(VLOOKUP(F94,Budget!A:F,3,FALSE))))),VLOOKUP($D94,Budget!A:F,5,FALSE)*E94)) -> 0 | J94: =H94+I94 -> 35553.574 | M94: =IF(E94=0,"nein",IF(OR(E94<>24,F93<>0,D94<>D93),"ja","nein")) -> nein | N94: =YEAR(B94) -> 2021
A95: =_xlfn.ISOWEEKNUM(B95) -> 13 | B95: 44286 | C95: Mittwoch | D95: SIGMA | E95: =IF(VLOOKUP(D95,Budget!A:B,2,FALSE)<>0,IF(G95=0,24,24-G95),0) -> 0 | H95: =IF(E95=0,0,IF(M95="ja",(VLOOKUP(D95,Budget!A:F,6,FALSE)*(E95-(VLOOKUP(D95,Budget!A:F,3,FALSE)))),VLOOKUP($D95,Budget!$A$1:$F$19,6,FALSE)*E95)) -> 0 | I95: =IF(F95=0,0,IF(M95="ja",((VLOOKUP(F95,Budget!A:F,6,FALSE)*(E95-(VLOOKUP(F95,Budget!A:F,3,FALSE))))),VLOOKUP($D95,Budget!A:F,5,FALSE)*E95)) -> 0 | J95: =H95+I95 -> 0 | M95: =IF(E95=0,"nein",IF(OR(E95<>24,F94<>0,D95<>D94),"ja","nein")) -> nein | N95: =YEAR(B95) -> 2021
A96: =_xlfn.ISOWEEKNUM(B96) -> 13 | B96: 44287 | C96: Donnerstag | D96: PLT XNII | E96: =IF(VLOOKUP(D96,Budget!A:B,2,FALSE)<>0,IF(G96=0,24,24-G96),0) -> 24 | H96: =IF(E96=0,0,IF(M96="ja",(VLOOKUP(D96,Budget!A:F,6,FALSE)*(E96-(VLOOKUP(D96,Budget!A:F,3,FALSE)))),VLOOKUP($D96,Budget!$A$1:$F$19,6,FALSE)*E96)) -> 22220.984 | I96: =IF(F96=0,0,IF(M96="ja",((VLOOKUP(F96,Budget!A:F,6,FALSE)*(E96-(VLOOKUP(F96,Budget!A:F,3,FALSE))))),VLOOKUP($D96,Budget!A:F,5,FALSE)*E96)) -> 0 | J96: =H96+I96 -> 22220.984 | M96: =IF(E96=0,"nein",IF(OR(E96<>24,F95<>0,D96<>D95),"ja","nein")) -> ja | N96: =YEAR(B96) -> 2021
A97: =_xlfn.ISOWEEKNUM(B97) -> 13 | B97: 44288 | C97: Freitag | D97: PLT XN | E97: =IF(VLOOKUP(D97,Budget!A:B,2,FALSE)<>0,IF(G97=0,24,24-G97),0) -> 24 | H97: =IF(E97=0,0,IF(M97="ja",(VLOOKUP(D97,Budget!A:F,6,FALSE)*(E97-(VLOOKUP(D97,Budget!A:F,3,FALSE)))),VLOOKUP($D97,Budget!$A$1:$F$19,6,FALSE)*E97)) -> 38269.757 | I97: =IF(F97=0,0,IF(M97="ja",((VLOOKUP(F97,Budget!A:F,6,FALSE)*(E97-(VLOOKUP(F97,Budget!A:F,3,FALSE))))),VLOOKUP($D97,Budget!A:F,5,FALSE)*E97)) -> 0 | J97: =H97+I97 -> 38269.757 | M97: =IF(E97=0,"nein",IF(OR(E97<>24,F96<>0,D97<>D96),"ja","nein")) -> ja | N97: =YEAR(B97) -> 2021
A98: =_xlfn.ISOWEEKNUM(B98) -> 13 | B98: 44289 | C98: Samstag | D98: PLT XN | E98: =IF(VLOOKUP(D98,Budget!A:B,2,FALSE)<>0,IF(G98=0,24,24-G98),0) -> 24 | H98: =IF(E98=0,0,IF(M98="ja",(VLOOKUP(D98,Budget!A:F,6,FALSE)*(E98-(VLOOKUP(D98,Budget!A:F,3,FALSE)))),VLOOKUP($D98,Budget!$A$1:$F$19,6,FALSE)*E98)) -> 42919.354 | I98: =IF(F98=0,0,IF(M98="ja",((VLOOKUP(F98,Budget!A:F,6,FALSE)*(E98-(VLOOKUP(F98,Budget!A:F,3,FALSE))))),VLOOKUP($D98,Budget!A:F,5,FALSE)*E98)) -> 0 | J98: =H98+I98 -> 42919.354 | M98: =IF(E98=0,"nein",IF(OR(E98<>24,F97<>0,D98<>D97),"ja","nein")) -> nein | N98: =YEAR(B98) -> 2021
A99: =_xlfn.ISOWEEKNUM(B99) -> 13 | B99: 44290 | C99: Sonntag | D99: PLT XN | E99: =IF(VLOOKUP(D99,Budget!A:B,2,FALSE)<>0,IF(G99=0,24,24-G99),0) -> 24 | H99: =IF(E99=0,0,IF(M99="ja",(VLOOKUP(D99,Budget!A:F,6,FALSE)*(E99-(VLOOKUP(D99,Budget!A:F,3,FALSE)))),VLOOKUP($D99,Budget!$A$1:$F$19,6,FALSE)*E99)) -> 42919.354 | I99: =IF(F99=0,0,IF(M99="ja",((VLOOKUP(F99,Budget!A:F,6,FALSE)*(E99-(VLOOKUP(F99,Budget!A:F,3,FALSE))))),VLOOKUP($D99,Budget!A:F,5,FALSE)*E99)) -> 0 | J99: =H99+I99 -> 42919.354 | M99: =IF(E99=0,"nein",IF(OR(E99<>24,F98<>0,D99<>D98),"ja","nein")) -> nein | N99: =YEAR(B99) -> 2021
A100: =_xlfn.ISOWEEKNUM(B100) -> 14 | B100: 44291 | C100: Montag | D100: PLT XN | E100: =IF(VLOOKUP(D100,Budget!A:B,2,FALSE)<>0,IF(G100=0,24,24-G100),0) -> 24 | H100: =IF(E100=0,0,IF(M100="ja",(VLOOKUP(D100,Budget!A:F,6,FALSE)*(E100-(VLOOKUP(D100,Budget!A:F,3,FALSE)))),VLOOKUP($D100,Budget!$A$1:$F$19,6,FALSE)*E100)) -> 42919.354 | I100: =IF(F100=0,0,IF(M100="ja",((VLOOKUP(F100,Budget!A:F,6,FALSE)*(E100-(VLOOKUP(F100,Budget!A:F,3,FALSE))))),VLOOKUP($D100,Budget!A:F,5,FALSE)*E100)) -> 0 | J100: =H100+I100 -> 42919.354 | M100: =IF(E100=0,"nein",IF(OR(E100<>24,F99<>0,D100<>D99),"ja","nein")) -> nein | N100: =YEAR(B100) -> 2021
...

Sheet Tabelle1
A1: Datum | B1: Wochen­tag | C1: Feiertag
A2: 44927 | B2: Sonntag | C2: Neujahrs­tag
A3: 45023 | B3: Freitag | C3: Karfreitag
A4: 45026 | B4: Montag | C4: Oster­montag
A5: 45047 | B5: Montag | C5: Tag der Arbeit / 1. Mai
A6: 45064 | B6: Donners­tag | C6: Christi Himmel­fahrt
A7: 45075 | B7: Montag | C7: Pfingst­montag
A8: 45085 | B8: Donners­tag | C8: Fronleich­nam
A14: 45202 | B14: Dienstag | C14: Tag der Deutschen Einheit
A15: 1. Novem­ber 2023 | B15: Mittwoch | C15: Aller­heiligen
A20: 25. Dezem­ber 2023 | B20: Montag | C20: 1. Weih­nachtstag
A21: 26. Dezem­ber 2023 | B21: Dienstag | C21: 2. Weih­nachtstag

Sheet Ofen
A1: Vorspannbare Produkte: | B1: PLT XNII
B2: VC II
B3: Timeless

Sheet Budget
A1: coating | B1: Geschw. (m/min) | C1: Einstellzeit (h) | D1: Mindestlänge (Tage) | E1: Maximallänge (Tage) | F1: Ausbringung Budget (m²/h) | G1: ="∑ Budget (m²) "&K1 -> ∑ Budget (m²) 2023 | H1: ="Planung (m²) "&K1 -> Planung (m²) 2023 | I1: Erwarteter Verbrauch Einstellglas (M²) | J1: ∑ Umstellungen | K1: 2023
A2: PLT XN | B2: 12 | C2: 2.6 | D2: 3 | F2: 1788.3064 | G2: 4309000 | H2: =SUMIFS(Planung!H:H,Planung!D:D,Budget!A2,Planung!N:N,Budget!$K$1) -> 4733647.1 | J2: =COUNTIFS(Planung!M:M,"ja",Planung!D:D,Budget!A2,Planung!N:N,Budget!$K$1) -> 25 | K2: =+G2-H2 -> -424647.06
A3: PLT ONE | B3: 10 | C3: 3 | D3: 1 | F3: 1539.4368 | G3: 120000 | H3: =SUMIFS(Planung!H:H,Planung!D:D,Budget!A3,Planung!N:N,Budget!$K$1) -> 69274.654 | J3: =COUNTIFS(Planung!M:M,"ja",Planung!D:D,Budget!A3,Planung!N:N,Budget!$K$1) -> 1 | K3: =+G3-H3 -> 50725.346
A4: ECLAZ | B4: 10 | C4: 4.5 | D4: 5 | F4: 1540 | G4: 4460000 | H4: =SUMIFS(Planung!H:H,Planung!D:D,Budget!A4,Planung!N:N,Budget!$K$1) -> 4303530 | J4: =COUNTIFS(Planung!M:M,"ja",Planung!D:D,Budget!A4,Planung!N:N,Budget!$K$1) -> 19 | K4: =+G4-H4 -> 156470
A5: VIEWCL II | C5: 0 | F5: 0 | H5: =SUMIFS(Planung!H:H,Planung!D:D,Budget!A5,Planung!N:N,Budget!$K$1) -> 0 | J5: =COUNTIFS(Planung!M:M,"ja",Planung!D:D,Budget!A5,Planung!N:N,Budget!$K$1) -> 0 | K5: =+G5-H5 -> 0
A6: PLT XNII | B6: 10 | C6: 9 | D6: 2 | E6: 0 | F6: 1481.3989 | G6: 60000 | H6: =SUMIFS(Planung!H:H,Planung!D:D,Budget!A6,Planung!N:N,Budget!$K$1) -> 0 | J6: =COUNTIFS(Planung!M:M,"ja",Planung!D:D,Budget!A6,Planung!N:N,Budget!$K$1) -> 0 | K6: =+G6-H6 -> 60000
A7: PLT VX | C7: 0 | F7: 0 | G7: 0 | H7: =SUMIFS(Planung!H:H,Planung!D:D,Budget!A7,Planung!N:N,Budget!$K$1) -> 0 | J7: =COUNTIFS(Planung!M:M,"ja",Planung!D:D,Budget!A7,Planung!N:N,Budget!$K$1) -> 0 | K7: =+G7-H7 -> 0
A8: TIMELESS | B8: 9 | C8: 3 | D8: 2 | F8: 1200 | G8: 200000 | H8: =SUMIFS(Planung!H:H,Planung!D:D,Budget!A8,Planung!N:N,Budget!$K$1) -> 144000 | J8: =COUNTIFS(Planung!M:M,"ja",Planung!D:D,Budget!A8,Planung!N:N,Budget!$K$1) -> 4 | K8: =+G8-H8 -> 56000
A9: ECLAZ ONE | B9: 10 | C9: 6 | D9: 4 | F9: 1540 | G9: 1026000 | H9: =SUMIFS(Planung!H:H,Planung!D:D,Budget!A9,Planung!N:N,Budget!$K$1) -> 1044120 | J9: =COUNTIFS(Planung!M:M,"ja",Planung!D:D,Budget!A9,Planung!N:N,Budget!$K$1) -> 11 | K9: =+G9-H9 -> -18120
A10: BIOCLEAN | B10: 3.3 | C10: 4 | D10: 2 | E10: 0 | F10: 492.18978 | G10: 47000 | H10: =SUMIFS(Planung!H:H,Planung!D:D,Budget!A10,Planung!N:N,Budget!$K$1) -> 33468.905 | J10: =COUNTIFS(Planung!M:M,"ja",Planung!D:D,Budget!A10,Planung!N:N,Budget!$K$1) -> 1 | K10: =+G10-H10 -> 13531.095
A11: W | F11: 0
A12: K | F12: 0
A13: SIGMA | B13: 0 | C13: 0 | D13: 0 | E13: 0 | F13: 0 | G13: 0 | H13: 0 | I13: 0 | J13: 0 | K13: 0
A14: INVEST | B14: 0 | C14: 0 | D14: 0 | E14: 0 | F14: 0 | G14: 0 | H14: 0 | I14: 0 | J14: 0 | K14: 0

Sheet Budget 2022
A1: coating | B1: Geschw. (m/min) | C1: Einstellzeit (h) | D1: Mindestlänge (Tage) | E1: Maximallänge (Tage) | F1: Ausbringung Budget (m²/h) | G1: ∑ Budget 2022 (m²) | H1: Planung 2022 (m²) | I1: Erwarteter Verbrauch Einstellglas (M²) | J1: ∑ Umstellungen
A2: BIOCLEAN | B2: 3.3 | C2: 4 | D2: 2 | E2: 4 | F2: 781 | G2: 80000 | H2: =SUMIF(Planung!D:I,A2,Planung!H:H)+SUMIF(Planung!D:I,A2,Planung!I:I) -> 270822.41 | I2: =J2*1167 -> 316257 | J2: =COUNTIF(Planung!M:M,"ja") -> 271 | K2: =+G2-H2 -> -190822.41
A3: ECLAZ | B3: 10 | C3: 5.5 | D3: 5 | F3: 1273 | G3: 3800000 | H3: =SUMIF(Planung!D:I,A3,Planung!H:H)+SUMIF(Planung!D:I,A3,Planung!I:I) -> 12375396 | K3: =+G3-H3 -> -8575395.6
A4: ECLAZ ONE | B4: 9 | C4: 6 | D4: 4 | F4: 1172 | G4: 1200000 | H4: =SUMIF(Planung!D:I,A4,Planung!H:H)+SUMIF(Planung!D:I,A4,Planung!I:I) -> 2934563.3 | K4: =+G4-H4 -> -1734563.3
A5: INVEST | B5: 0 | C5: 0 | D5: 0 | E5: 0 | F5: 0 | G5: 0 | H5: =SUMIF(Planung!D:I,A5,Planung!H:H)+SUMIF(Planung!D:I,A5,Planung!I:I) -> 0 | K5: =+G5-H5 -> 0
A6: K | B6: 0 | C6: 0 | D6: 0 | E6: 0 | F6: 0 | G6: 0 | H6: =SUMIF(Planung!D:I,A6,Planung!H:H)+SUMIF(Planung!D:I,A6,Planung!I:I) -> 33620.16 | K6: =+G6-H6 -> -33620.16
A7: PLT ONE | B7: 10 | C7: 3 | D7: 1 | F7: 1303 | G7: 400000 | H7: =SUMIF(Planung!D:I,A7,Planung!H:H)+SUMIF(Planung!D:I,A7,Planung!I:I) -> 878775.17 | K7: =+G7-H7 -> -478775.17
A8: PLT ONE II | B8: - | C8: - | F8: 1376 | G8: 0 | H8: =SUMIF(Planung!D:I,A8,Planung!H:H)+SUMIF(Planung!D:I,A8,Planung!I:I) -> 0 | K8: =+G8-H8 -> 0
A9: PV SINT | B9: 12 | C9: 2 | F9: 1904 | G9: 0 | H9: =SUMIF(Planung!D:I,A9,Planung!H:H)+SUMIF(Planung!D:I,A9,Planung!I:I) -> 0 | K9: =+G9-H9 -> 0
A10: SIGMA | B10: 0 | C10: 0 | D10: 0 | E10: 0 | F10: 0 | G10: 0 | H10: =SUMIF(Planung!D:I,A10,Planung!H:H)+SUMIF(Planung!D:I,A10,Planung!I:I) -> 188164.43 | K10: =+G10-H10 -> -188164.43
A11: TIMELESS | B11: 6 | C11: 4 | D11: 2 | F11: 781 | G11: 300000 | H11: =SUMIF(Planung!D:I,A11,Planung!H:H)+SUMIF(Planung!D:I,A11,Planung!I:I) -> #N/A | K11: =+G11-H11 -> #N/A
A12: PLT VX | B12: 10 | C12: 3 | F12: 1594 | G12: 0 | H12: =SUMIF(Planung!D:I,A12,Planung!H:H)+SUMIF(Planung!D:I,A12,Planung!I:I) -> 0 | K12: =+G12-H12 -> 0
A13: W | B13: 0 | C13: 0 | D13: 0 | E13: 0 | F13: 0 | G13: 0 | H13: =SUMIF(Planung!D:I,A13,Planung!H:H)+SUMIF(Planung!D:I,A13,Planung!I:I) -> 92440.078 | K13: =+G13-H13 -> -92440.078
A14: PLT XN | B14: 12 | C14: 2.6 | D14: 3 | E14: 7 | F14: 1617 | G14: 4000000 | H14: =SUMIF(Planung!D:I,A14,Planung!H:H)+SUMIF(Planung!D:I,A14,Planung!I:I) -> 13131724 | K14: =+G14-H14 -> -9131724.5
A15: PLT XN-T | B15: 12 | C15: 3 | F15: 1812 | G15: 0 | H15: =SUMIF(Planung!D:I,A15,Planung!H:H)+SUMIF(Planung!D:I,A15,Planung!I:I) -> 0 | K15: =+G15-H15 -> 0
A16: PLT XNII | B16: 10 | C16: 9 | D16: 2.5 | E16: 7 | F16: 1185 | G16: 410000 | H16: =SUMIF(Planung!D:I,A16,Planung!H:H)+SUMIF(Planung!D:I,A16,Planung!I:I) -> 1035497.8 | K16: =+G16-H16 -> -625497.84
A17: HS | B17: 0 | C17: 0 | D17: 0 | E17: 0 | F17: 0 | G17: 0 | H17: =SUMIF(Planung!D:I,A17,Planung!H:H)+SUMIF(Planung!D:I,A17,Planung!I:I) -> #N/A | K17: =+G17-H17 -> #N/A
A18: VIEWCL II | B18: 2 | C18: 18 | F18: 307 | G18: 0 | H18: =SUMIF(Planung!D:I,A18,Planung!H:H)+SUMIF(Planung!D:I,A18,Planung!I:I) -> 0 | K18: =+G18-H18 -> 0
B19: 0 | C19: 0 | D19: 0 | E19: 0 | F19: 0 | G19: 0 | H19: =SUMIF(Planung!D:I,A19,Planung!H:H)+SUMIF(Planung!D:I,A19,Planung!I:I) -> #N/A

Sheet 2019 (3)
B3: Einzel | C3: Mo-DI / Mi-Do | D3: Fr-So | E3: Mo-Do | F3: Fr-Di / Mi-So | G3: ganze Woche | I3: Einzel | J3: Mo-DI / Mi-Do | K3: Fr-So | L3: Mo-Do | M3: Fr-Di / Mi-So | N3: ganze Woche
B5: 38641.502 | C5: 123878.04 | D5: 166496.31 | E5: 209114.58 | F5: 251732.85 | G5: 336969.39 | I5: 21907.116 | J5: 87142.225 | K5: 119759.78 | L5: 152377.33 | M5: 184994.89 | N5: 250230
B6: PLT XN | C6: PLT XN | D6: PLT XN | E6: PLT XN | F6: PLT XN | G6: PLT XN | I6: PLT XNII | J6: PLT XNII | K6: PLT XNII | L6: PLT XNII | M6: PLT XNII | N6: PLT XNII
C7: PLT XN | D7: PLT XN | E7: PLT XN | F7: PLT XN | G7: PLT XN | J7: PLT XNII | K7: PLT XNII | L7: PLT XNII | M7: PLT XNII | N7: PLT XNII
D8: PLT XN | E8: PLT XN | F8: PLT XN | G8: PLT XN | K8: PLT XNII | L8: PLT XNII | M8: PLT XNII | N8: PLT XNII
E9: PLT XN | F9: PLT XN | G9: PLT XN | L9: PLT XNII | M9: PLT XNII | N9: PLT XNII
F10: PLT XN | G10: PLT XN | M10: PLT XNII | N10: PLT XNII
G11: PLT XN | N11: PLT XNII
G12: PLT XN | N12: PLT XNII
B14: 38980.383 | C14: 124894.68 | D14: 167851.83 | E14: 210808.98 | F14: 253766.14 | G14: 339680.44 | I14: 11965.675 | J14: 65991.481 | K14: 93004.384 | L14: 120017.29 | M14: 147030.19 | N14: 201055.99
B15: PLT XN-T | C15: PLT XN-T | D15: PLT XN-T | E15: PLT XN-T | F15: PLT XN-T | G15: PLT XN-T | I15: ECLAZ | J15: ECLAZ | K15: ECLAZ | L15: ECLAZ | M15: ECLAZ | N15: ECLAZ
C16: PLT XN-T | D16: PLT XN-T | E16: PLT XN-T | F16: PLT XN-T | G16: PLT XN-T | J16: ECLAZ | K16: ECLAZ | L16: ECLAZ | M16: ECLAZ | N16: ECLAZ
D17: PLT XN-T | E17: PLT XN-T | F17: PLT XN-T | G17: PLT XN-T | K17: ECLAZ | L17: ECLAZ | M17: ECLAZ | N17: ECLAZ
E18: PLT XN-T | F18: PLT XN-T | G18: PLT XN-T | L18: ECLAZ | M18: ECLAZ | N18: ECLAZ
F19: PLT XN-T | G19: PLT XN-T | M19: ECLAZ | N19: ECLAZ
G20: PLT XN-T | N20: ECLAZ
G21: PLT XN-T | N21: ECLAZ
B23: 27773.11 | C23: 98742.363 | D23: 134226.99 | E23: 169711.62 | F23: 205196.24 | G23: 276165.49 | I23: 13642.576 | J23: 71352.89 | K23: 100208.05 | L23: 129063.2 | M23: 157918.36 | N23: 215628.68
B24: PLT ONE | C24: PLT ONE | D24: PLT ONE | E24: PLT ONE | F24: PLT ONE | G24: PLT ONE | I24: ECLAZ ONE | J24: ECLAZ ONE | K24: ECLAZ ONE | L24: ECLAZ ONE | M24: ECLAZ ONE | N24: ECLAZ ONE
C25: PLT ONE | D25: PLT ONE | E25: PLT ONE | F25: PLT ONE | G25: PLT ONE | J25: ECLAZ ONE | K25: ECLAZ ONE | L25: ECLAZ ONE | M25: ECLAZ ONE | N25: ECLAZ ONE
D26: PLT ONE | E26: PLT ONE | F26: PLT ONE | G26: PLT ONE | K26: ECLAZ ONE | L26: ECLAZ ONE | M26: ECLAZ ONE | N26: ECLAZ ONE
E27: PLT ONE | F27: PLT ONE | G27: PLT ONE | K27: aber nicht WE | L27: ECLAZ ONE | M27: ECLAZ ONE | N27: ECLAZ ONE
F28: PLT ONE | G28: PLT ONE | M28: ECLAZ ONE | N28: ECLAZ ONE
G29: PLT ONE | N29: ECLAZ ONE
G30: PLT ONE | N30: ECLAZ ONE
B32: 29096.553 | C32: 103524.43 | D32: 140738.37 | E32: 177952.31 | F32: 215166.25 | G32: 289594.12 | I32: 7387.0727 | J32: 29517.882 | K32: 40583.287 | L32: 51648.692 | M32: 62714.097 | N32: 84844.907
B33: LUX | C33: LUX | D33: LUX | E33: LUX | F33: LUX | G33: LUX | I33: BioClean TOP | J33: BioClean TOP | K33: BioClean TOP | L33: BioClean TOP | M33: BioClean TOP | N33: BioClean TOP
C34: LUX | D34: LUX | E34: LUX | F34: LUX | G34: LUX | J34: BioClean TOP | K34: BioClean TOP | L34: BioClean TOP | M34: BioClean TOP | N34: BioClean TOP
D35: LUX | E35: LUX | F35: LUX | G35: LUX | K35: BioClean TOP | L35: BioClean TOP | M35: BioClean TOP | N35: BioClean TOP
E36: LUX | F36: LUX | G36: LUX | K36: aber nicht WE | L36: BioClean TOP | M36: BioClean TOP | N36: BioClean TOP
F37: LUX | G37: LUX | M37: BioClean TOP | N37: BioClean TOP
G38: LUX | N38: BioClean TOP
G39: LUX | N39: BioClean TOP
B41: 31850.507 | C41: 106487.44 | D41: 143805.91 | E41: 181124.38 | F41: 218442.85 | G41: 293079.79
B42: VX | C42: VX | D42: VX | E42: VX | F42: VX | G42: VX | I42: Kampagne kürzer als vorgesehen (oder WE für Sigma)
C43: VX | D43: VX | E43: VX | F43: VX | G43: VX | I43: Kampagne nach Plan
D44: VX | E44: VX | F44: VX | G44: VX | I44: Kampagne länger als vorgesehen
E45: VX | F45: VX | G45: VX | I45: wegen Jahresmengen in der Regel nicht realisierbar
F46: VX | G46: VX
G47: VX
G48: VX
